;Preco Diesel [R$];Cotacao Dolar;Preco Razao Elepot [USD];Preco R.E. Cor. Dolar [R$];Preco Bat [USD];Preco Bat Cor. Dolar [R$];Preco UC [USD];Preco UC Cor. Dolar [R$];C-rate;Np,b;Np,uc;Volume Total [L];Energia Total Bat. [kWh];Energia Total UC. [kWh];Energia Total [kWh];Pth [kW];VPL [R$]
0;3,69;4,58;5;22,9;29,312;134,24896;26,793;122,71194;2;6;0;1373,184;294,912;0;294,912;1250;5014839,623
1;3,69;4,58;5;22,9;29,312;134,24896;26,793;122,71194;6;6;0;1373,184;294,912;0;294,912;1800;10901890,27
2;3,69;4,58;5;22,9;29,312;134,24896;26,793;122,71194;10;5;0;1144,32;245,76;0;245,76;2000;11133049,73
3;3,69;4,58;5;22,9;29,312;134,24896;44,655;204,5199;2;6;0;1373,184;294,912;0;294,912;1250;5014839,623
4;3,69;4,58;5;22,9;29,312;134,24896;44,655;204,5199;6;6;0;1373,184;294,912;0;294,912;1800;10901890,27
5;3,69;4,58;5;22,9;29,312;134,24896;44,655;204,5199;10;5;0;1144,32;245,76;0;245,76;2000;11133049,73
6;3,69;4,58;5;22,9;29,312;134,24896;62,517;286,32786;2;6;0;1373,184;294,912;0;294,912;1250;5014839,623
7;3,69;4,58;5;22,9;29,312;134,24896;62,517;286,32786;6;6;0;1373,184;294,912;0;294,912;1975;10901890,27
8;3,69;4,58;5;22,9;29,312;134,24896;62,517;286,32786;10;5;0;1144,32;245,76;0;245,76;2000;11133049,73
9;3,69;4,58;5;22,9;58,624;268,49792;26,793;122,71194;2;6;0;1373,184;294,912;0;294,912;1250;4850718,924
10;3,69;4,58;5;22,9;58,624;268,49792;26,793;122,71194;6;6;0;1373,184;294,912;0;294,912;1800;10576085,52
11;3,69;4,58;5;22,9;58,624;268,49792;26,793;122,71194;10;4;0;915,456;196,608;0;196,608;2000;10836495,73
12;3,69;4,58;5;22,9;58,624;268,49792;44,655;204,5199;2;6;0;1373,184;294,912;0;294,912;1250;4850718,924
13;3,69;4,58;5;22,9;58,624;268,49792;44,655;204,5199;6;6;0;1373,184;294,912;0;294,912;1800;10576085,52
14;3,69;4,58;5;22,9;58,624;268,49792;44,655;204,5199;10;4;0;915,456;196,608;0;196,608;2000;10836495,73
15;3,69;4,58;5;22,9;58,624;268,49792;62,517;286,32786;2;6;0;1373,184;294,912;0;294,912;1250;4850718,924
16;3,69;4,58;5;22,9;58,624;268,49792;62,517;286,32786;6;6;0;1373,184;294,912;0;294,912;1800;10576085,52
17;3,69;4,58;5;22,9;58,624;268,49792;62,517;286,32786;10;4;0;915,456;196,608;0;196,608;2000;10836495,73
18;3,69;4,58;5;22,9;158,87104;727,6293632;26,793;122,71194;2;6;0;1373,184;294,912;0;294,912;1250;4289426,135
19;3,69;4,58;5;22,9;158,87104;727,6293632;26,793;122,71194;6;6;0;1373,184;294,912;0;294,912;1800;9461833,261
20;3,69;4,58;5;22,9;158,87104;727,6293632;26,793;122,71194;10;4;0;915,456;196,608;0;196,608;2000;9829081,655
21;3,69;4,58;5;22,9;158,87104;727,6293632;44,655;204,5199;2;6;0;1373,184;294,912;0;294,912;1250;4289426,135
22;3,69;4,58;5;22,9;158,87104;727,6293632;44,655;204,5199;6;6;0;1373,184;294,912;0;294,912;1800;9461833,261
23;3,69;4,58;5;22,9;158,87104;727,6293632;44,655;204,5199;10;4;0;915,456;196,608;0;196,608;2000;9829081,655
24;3,69;4,58;5;22,9;158,87104;727,6293632;62,517;286,32786;2;6;0;1373,184;294,912;0;294,912;1250;4289426,135
25;3,69;4,58;5;22,9;158,87104;727,6293632;62,517;286,32786;6;6;0;1373,184;294,912;0;294,912;1800;9461833,261
26;3,69;4,58;5;22,9;158,87104;727,6293632;62,517;286,32786;10;4;0;915,456;196,608;0;196,608;2000;9829081,655
27;3,69;4,58;10;45,8;29,312;134,24896;26,793;122,71194;2;6;0;1373,184;294,912;0;294,912;1250;4969039,623
28;3,69;4,58;10;45,8;29,312;134,24896;26,793;122,71194;6;6;0;1373,184;294,912;0;294,912;1800;10856090,27
29;3,69;4,58;10;45,8;29,312;134,24896;26,793;122,71194;10;5;0;1144,32;245,76;0;245,76;2000;11087249,73
30;3,69;4,58;10;45,8;29,312;134,24896;44,655;204,5199;2;6;0;1373,184;294,912;0;294,912;1250;4969039,623
31;3,69;4,58;10;45,8;29,312;134,24896;44,655;204,5199;6;6;0;1373,184;294,912;0;294,912;1800;10856090,27
32;3,69;4,58;10;45,8;29,312;134,24896;44,655;204,5199;10;5;0;1144,32;245,76;0;245,76;2000;11087249,73
33;3,69;4,58;10;45,8;29,312;134,24896;62,517;286,32786;2;6;0;1373,184;294,912;0;294,912;1250;4969039,623
34;3,69;4,58;10;45,8;29,312;134,24896;62,517;286,32786;6;6;0;1373,184;294,912;0;294,912;1975;10856090,27
35;3,69;4,58;10;45,8;29,312;134,24896;62,517;286,32786;10;5;0;1144,32;245,76;0;245,76;2000;11087249,73
36;3,69;4,58;10;45,8;58,624;268,49792;26,793;122,71194;2;6;0;1373,184;294,912;0;294,912;1250;4804918,924
37;3,69;4,58;10;45,8;58,624;268,49792;26,793;122,71194;6;6;0;1373,184;294,912;0;294,912;1800;10530285,52
38;3,69;4,58;10;45,8;58,624;268,49792;26,793;122,71194;10;4;0;915,456;196,608;0;196,608;2000;10790695,73
39;3,69;4,58;10;45,8;58,624;268,49792;44,655;204,5199;2;6;0;1373,184;294,912;0;294,912;1250;4804918,924
40;3,69;4,58;10;45,8;58,624;268,49792;44,655;204,5199;6;6;0;1373,184;294,912;0;294,912;1800;10530285,52
41;3,69;4,58;10;45,8;58,624;268,49792;44,655;204,5199;10;4;0;915,456;196,608;0;196,608;2000;10790695,73
42;3,69;4,58;10;45,8;58,624;268,49792;62,517;286,32786;2;6;0;1373,184;294,912;0;294,912;1250;4804918,924
43;3,69;4,58;10;45,8;58,624;268,49792;62,517;286,32786;6;6;0;1373,184;294,912;0;294,912;1800;10530285,52
44;3,69;4,58;10;45,8;58,624;268,49792;62,517;286,32786;10;4;0;915,456;196,608;0;196,608;2000;10790695,73
45;3,69;4,58;10;45,8;158,87104;727,6293632;26,793;122,71194;2;6;0;1373,184;294,912;0;294,912;1250;4243626,135
46;3,69;4,58;10;45,8;158,87104;727,6293632;26,793;122,71194;6;6;0;1373,184;294,912;0;294,912;1800;9416033,261
47;3,69;4,58;10;45,8;158,87104;727,6293632;26,793;122,71194;10;4;0;915,456;196,608;0;196,608;2000;9783281,655
48;3,69;4,58;10;45,8;158,87104;727,6293632;44,655;204,5199;2;6;0;1373,184;294,912;0;294,912;1250;4243626,135
49;3,69;4,58;10;45,8;158,87104;727,6293632;44,655;204,5199;6;6;0;1373,184;294,912;0;294,912;1800;9416033,261
50;3,69;4,58;10;45,8;158,87104;727,6293632;44,655;204,5199;10;4;0;915,456;196,608;0;196,608;2000;9783281,655
51;3,69;4,58;10;45,8;158,87104;727,6293632;62,517;286,32786;2;6;0;1373,184;294,912;0;294,912;1250;4243626,135
52;3,69;4,58;10;45,8;158,87104;727,6293632;62,517;286,32786;6;6;0;1373,184;294,912;0;294,912;1800;9416033,261
53;3,69;4,58;10;45,8;158,87104;727,6293632;62,517;286,32786;10;4;0;915,456;196,608;0;196,608;2000;9783281,655
54;3,69;4,58;20;91,6;29,312;134,24896;26,793;122,71194;2;6;0;1373,184;294,912;0;294,912;1250;4877439,623
55;3,69;4,58;20;91,6;29,312;134,24896;26,793;122,71194;6;6;0;1373,184;294,912;0;294,912;1800;10764490,27
56;3,69;4,58;20;91,6;29,312;134,24896;26,793;122,71194;10;5;0;1144,32;245,76;0;245,76;2000;10995649,73
57;3,69;4,58;20;91,6;29,312;134,24896;44,655;204,5199;2;6;0;1373,184;294,912;0;294,912;1250;4877439,623
58;3,69;4,58;20;91,6;29,312;134,24896;44,655;204,5199;6;6;0;1373,184;294,912;0;294,912;1800;10764490,27
59;3,69;4,58;20;91,6;29,312;134,24896;44,655;204,5199;10;5;0;1144,32;245,76;0;245,76;2000;10995649,73
60;3,69;4,58;20;91,6;29,312;134,24896;62,517;286,32786;2;6;0;1373,184;294,912;0;294,912;1250;4877439,623
61;3,69;4,58;20;91,6;29,312;134,24896;62,517;286,32786;6;6;0;1373,184;294,912;0;294,912;1975;10764490,27
62;3,69;4,58;20;91,6;29,312;134,24896;62,517;286,32786;10;5;0;1144,32;245,76;0;245,76;2000;10995649,73
63;3,69;4,58;20;91,6;58,624;268,49792;26,793;122,71194;2;6;0;1373,184;294,912;0;294,912;1250;4713318,924
64;3,69;4,58;20;91,6;58,624;268,49792;26,793;122,71194;6;6;0;1373,184;294,912;0;294,912;1800;10438685,52
65;3,69;4,58;20;91,6;58,624;268,49792;26,793;122,71194;10;4;0;915,456;196,608;0;196,608;2000;10699095,73
66;3,69;4,58;20;91,6;58,624;268,49792;44,655;204,5199;2;6;0;1373,184;294,912;0;294,912;1250;4713318,924
67;3,69;4,58;20;91,6;58,624;268,49792;44,655;204,5199;6;6;0;1373,184;294,912;0;294,912;1800;10438685,52
68;3,69;4,58;20;91,6;58,624;268,49792;44,655;204,5199;10;4;0;915,456;196,608;0;196,608;2000;10699095,73
69;3,69;4,58;20;91,6;58,624;268,49792;62,517;286,32786;2;6;0;1373,184;294,912;0;294,912;1250;4713318,924
70;3,69;4,58;20;91,6;58,624;268,49792;62,517;286,32786;6;6;0;1373,184;294,912;0;294,912;1800;10438685,52
71;3,69;4,58;20;91,6;58,624;268,49792;62,517;286,32786;10;4;0;915,456;196,608;0;196,608;2000;10699095,73
72;3,69;4,58;20;91,6;158,87104;727,6293632;26,793;122,71194;2;6;0;1373,184;294,912;0;294,912;1250;4152026,135
73;3,69;4,58;20;91,6;158,87104;727,6293632;26,793;122,71194;6;6;0;1373,184;294,912;0;294,912;1800;9324433,261
74;3,69;4,58;20;91,6;158,87104;727,6293632;26,793;122,71194;10;4;0;915,456;196,608;0;196,608;2000;9691681,655
75;3,69;4,58;20;91,6;158,87104;727,6293632;44,655;204,5199;2;6;0;1373,184;294,912;0;294,912;1250;4152026,135
76;3,69;4,58;20;91,6;158,87104;727,6293632;44,655;204,5199;6;6;0;1373,184;294,912;0;294,912;1800;9324433,261
77;3,69;4,58;20;91,6;158,87104;727,6293632;44,655;204,5199;10;4;0;915,456;196,608;0;196,608;2000;9691681,655
78;3,69;4,58;20;91,6;158,87104;727,6293632;62,517;286,32786;2;6;0;1373,184;294,912;0;294,912;1250;4152026,135
79;3,69;4,58;20;91,6;158,87104;727,6293632;62,517;286,32786;6;6;0;1373,184;294,912;0;294,912;1800;9324433,261
80;3,69;4,58;20;91,6;158,87104;727,6293632;62,517;286,32786;10;4;0;915,456;196,608;0;196,608;2000;9691681,655
81;3,69;5,3;5;26,5;33,92;179,776;31,005;164,3265;2;6;0;1373,184;294,912;0;294,912;1250;4981838,989
82;3,69;5,3;5;26,5;33,92;179,776;31,005;164,3265;6;6;0;1373,184;294,912;0;294,912;1800;10843472,06
83;3,69;5,3;5;26,5;33,92;179,776;31,005;164,3265;10;4;0;915,456;196,608;0;196,608;2000;11077554
84;3,69;5,3;5;26,5;33,92;179,776;51,675;273,8775;2;6;0;1373,184;294,912;0;294,912;1250;4981838,989
85;3,69;5,3;5;26,5;33,92;179,776;51,675;273,8775;6;6;0;1373,184;294,912;0;294,912;1800;10843472,06
86;3,69;5,3;5;26,5;33,92;179,776;51,675;273,8775;10;4;0;915,456;196,608;0;196,608;2000;11077554
87;3,69;5,3;5;26,5;33,92;179,776;72,345;383,4285;2;6;0;1373,184;294,912;0;294,912;1250;4981838,989
88;3,69;5,3;5;26,5;33,92;179,776;72,345;383,4285;6;6;0;1373,184;294,912;0;294,912;1975;10843472,06
89;3,69;5,3;5;26,5;33,92;179,776;72,345;383,4285;10;4;0;915,456;196,608;0;196,608;2000;11077554
90;3,69;5,3;5;26,5;67,84;359,552;31,005;164,3265;2;6;0;1373,184;294,912;0;294,912;1250;4791917,657
91;3,69;5,3;5;26,5;67,84;359,552;31,005;164,3265;6;6;0;1373,184;294,912;0;294,912;1800;10466449,09
92;3,69;5,3;5;26,5;67,84;359,552;31,005;164,3265;10;4;0;915,456;196,608;0;196,608;2000;10736681,24
93;3,69;5,3;5;26,5;67,84;359,552;51,675;273,8775;2;6;0;1373,184;294,912;0;294,912;1250;4791917,657
94;3,69;5,3;5;26,5;67,84;359,552;51,675;273,8775;6;6;0;1373,184;294,912;0;294,912;1800;10466449,09
95;3,69;5,3;5;26,5;67,84;359,552;51,675;273,8775;10;4;0;915,456;196,608;0;196,608;2000;10736681,24
96;3,69;5,3;5;26,5;67,84;359,552;72,345;383,4285;2;6;0;1373,184;294,912;0;294,912;1250;4791917,657
97;3,69;5,3;5;26,5;67,84;359,552;72,345;383,4285;6;6;0;1373,184;294,912;0;294,912;1800;10466449,09
98;3,69;5,3;5;26,5;67,84;359,552;72,345;383,4285;10;4;0;915,456;196,608;0;196,608;2000;10736681,24
99;3,69;5,3;5;26,5;183,8464;974,38592;31,005;164,3265;2;6;0;1373,184;294,912;0;294,912;1250;4142386,699
100;3,69;5,3;5;26,5;183,8464;974,38592;31,005;164,3265;6;6;0;1373,184;294,912;0;294,912;1800;9177030,539
101;3,69;5,3;5;26,5;183,8464;974,38592;31,005;164,3265;10;4;0;915,456;196,608;0;196,608;2000;9570896,398
102;3,69;5,3;5;26,5;183,8464;974,38592;51,675;273,8775;2;6;0;1373,184;294,912;0;294,912;1250;4142386,699
103;3,69;5,3;5;26,5;183,8464;974,38592;51,675;273,8775;6;6;0;1373,184;294,912;0;294,912;1800;9177030,539
104;3,69;5,3;5;26,5;183,8464;974,38592;51,675;273,8775;10;4;0;915,456;196,608;0;196,608;2000;9570896,398
105;3,69;5,3;5;26,5;183,8464;974,38592;72,345;383,4285;2;6;0;1373,184;294,912;0;294,912;1250;4142386,699
106;3,69;5,3;5;26,5;183,8464;974,38592;72,345;383,4285;6;6;0;1373,184;294,912;0;294,912;1800;9177030,539
107;3,69;5,3;5;26,5;183,8464;974,38592;72,345;383,4285;10;4;0;915,456;196,608;0;196,608;2000;9570896,398
108;3,69;5,3;10;53;33,92;179,776;31,005;164,3265;2;6;0;1373,184;294,912;0;294,912;1250;4928838,989
109;3,69;5,3;10;53;33,92;179,776;31,005;164,3265;6;6;0;1373,184;294,912;0;294,912;1800;10790472,06
110;3,69;5,3;10;53;33,92;179,776;31,005;164,3265;10;4;0;915,456;196,608;0;196,608;2000;11024554
111;3,69;5,3;10;53;33,92;179,776;51,675;273,8775;2;6;0;1373,184;294,912;0;294,912;1250;4928838,989
112;3,69;5,3;10;53;33,92;179,776;51,675;273,8775;6;6;0;1373,184;294,912;0;294,912;1800;10790472,06
113;3,69;5,3;10;53;33,92;179,776;51,675;273,8775;10;4;0;915,456;196,608;0;196,608;2000;11024554
114;3,69;5,3;10;53;33,92;179,776;72,345;383,4285;2;6;0;1373,184;294,912;0;294,912;1250;4928838,989
115;3,69;5,3;10;53;33,92;179,776;72,345;383,4285;6;6;0;1373,184;294,912;0;294,912;1975;10790472,06
116;3,69;5,3;10;53;33,92;179,776;72,345;383,4285;10;4;0;915,456;196,608;0;196,608;2000;11024554
117;3,69;5,3;10;53;67,84;359,552;31,005;164,3265;2;6;0;1373,184;294,912;0;294,912;1250;4738917,657
118;3,69;5,3;10;53;67,84;359,552;31,005;164,3265;6;6;0;1373,184;294,912;0;294,912;1800;10413449,09
119;3,69;5,3;10;53;67,84;359,552;31,005;164,3265;10;4;0;915,456;196,608;0;196,608;2000;10683681,24
120;3,69;5,3;10;53;67,84;359,552;51,675;273,8775;2;6;0;1373,184;294,912;0;294,912;1250;4738917,657
121;3,69;5,3;10;53;67,84;359,552;51,675;273,8775;6;6;0;1373,184;294,912;0;294,912;1800;10413449,09
122;3,69;5,3;10;53;67,84;359,552;51,675;273,8775;10;4;0;915,456;196,608;0;196,608;2000;10683681,24
123;3,69;5,3;10;53;67,84;359,552;72,345;383,4285;2;6;0;1373,184;294,912;0;294,912;1250;4738917,657
124;3,69;5,3;10;53;67,84;359,552;72,345;383,4285;6;6;0;1373,184;294,912;0;294,912;1800;10413449,09
125;3,69;5,3;10;53;67,84;359,552;72,345;383,4285;10;4;0;915,456;196,608;0;196,608;2000;10683681,24
126;3,69;5,3;10;53;183,8464;974,38592;31,005;164,3265;2;6;0;1373,184;294,912;0;294,912;1250;4089386,699
127;3,69;5,3;10;53;183,8464;974,38592;31,005;164,3265;6;6;0;1373,184;294,912;0;294,912;1800;9124030,539
128;3,69;5,3;10;53;183,8464;974,38592;31,005;164,3265;10;4;0;915,456;196,608;0;196,608;2000;9517896,398
129;3,69;5,3;10;53;183,8464;974,38592;51,675;273,8775;2;6;0;1373,184;294,912;0;294,912;1250;4089386,699
130;3,69;5,3;10;53;183,8464;974,38592;51,675;273,8775;6;6;0;1373,184;294,912;0;294,912;1800;9124030,539
131;3,69;5,3;10;53;183,8464;974,38592;51,675;273,8775;10;4;0;915,456;196,608;0;196,608;2000;9517896,398
132;3,69;5,3;10;53;183,8464;974,38592;72,345;383,4285;2;6;0;1373,184;294,912;0;294,912;1250;4089386,699
133;3,69;5,3;10;53;183,8464;974,38592;72,345;383,4285;6;6;0;1373,184;294,912;0;294,912;1800;9124030,539
134;3,69;5,3;10;53;183,8464;974,38592;72,345;383,4285;10;4;0;915,456;196,608;0;196,608;2000;9517896,398
135;3,69;5,3;20;106;33,92;179,776;31,005;164,3265;2;6;0;1373,184;294,912;0;294,912;1250;4822838,989
136;3,69;5,3;20;106;33,92;179,776;31,005;164,3265;6;6;0;1373,184;294,912;0;294,912;1800;10684472,06
137;3,69;5,3;20;106;33,92;179,776;31,005;164,3265;10;4;0;915,456;196,608;0;196,608;2000;10918554
138;3,69;5,3;20;106;33,92;179,776;51,675;273,8775;2;6;0;1373,184;294,912;0;294,912;1250;4822838,989
139;3,69;5,3;20;106;33,92;179,776;51,675;273,8775;6;6;0;1373,184;294,912;0;294,912;1800;10684472,06
140;3,69;5,3;20;106;33,92;179,776;51,675;273,8775;10;4;0;915,456;196,608;0;196,608;2000;10918554
141;3,69;5,3;20;106;33,92;179,776;72,345;383,4285;2;6;0;1373,184;294,912;0;294,912;1250;4822838,989
142;3,69;5,3;20;106;33,92;179,776;72,345;383,4285;6;6;0;1373,184;294,912;0;294,912;1975;10684472,06
143;3,69;5,3;20;106;33,92;179,776;72,345;383,4285;10;4;0;915,456;196,608;0;196,608;2000;10918554
144;3,69;5,3;20;106;67,84;359,552;31,005;164,3265;2;6;0;1373,184;294,912;0;294,912;1250;4632917,657
145;3,69;5,3;20;106;67,84;359,552;31,005;164,3265;6;6;0;1373,184;294,912;0;294,912;1800;10307449,09
146;3,69;5,3;20;106;67,84;359,552;31,005;164,3265;10;4;0;915,456;196,608;0;196,608;2000;10577681,24
147;3,69;5,3;20;106;67,84;359,552;51,675;273,8775;2;6;0;1373,184;294,912;0;294,912;1250;4632917,657
148;3,69;5,3;20;106;67,84;359,552;51,675;273,8775;6;6;0;1373,184;294,912;0;294,912;1800;10307449,09
149;3,69;5,3;20;106;67,84;359,552;51,675;273,8775;10;4;0;915,456;196,608;0;196,608;2000;10577681,24
150;3,69;5,3;20;106;67,84;359,552;72,345;383,4285;2;6;0;1373,184;294,912;0;294,912;1250;4632917,657
151;3,69;5,3;20;106;67,84;359,552;72,345;383,4285;6;6;0;1373,184;294,912;0;294,912;1800;10307449,09
152;3,69;5,3;20;106;67,84;359,552;72,345;383,4285;10;4;0;915,456;196,608;0;196,608;2000;10577681,24
153;3,69;5,3;20;106;183,8464;974,38592;31,005;164,3265;2;6;0;1373,184;294,912;0;294,912;1250;3983386,699
154;3,69;5,3;20;106;183,8464;974,38592;31,005;164,3265;6;6;0;1373,184;294,912;0;294,912;1800;9018030,539
155;3,69;5,3;20;106;183,8464;974,38592;31,005;164,3265;10;4;0;915,456;196,608;0;196,608;2000;9411896,398
156;3,69;5,3;20;106;183,8464;974,38592;51,675;273,8775;2;6;0;1373,184;294,912;0;294,912;1250;3983386,699
157;3,69;5,3;20;106;183,8464;974,38592;51,675;273,8775;6;6;0;1373,184;294,912;0;294,912;1800;9018030,539
158;3,69;5,3;20;106;183,8464;974,38592;51,675;273,8775;10;4;0;915,456;196,608;0;196,608;2000;9411896,398
159;3,69;5,3;20;106;183,8464;974,38592;72,345;383,4285;2;6;0;1373,184;294,912;0;294,912;1250;3983386,699
160;3,69;5,3;20;106;183,8464;974,38592;72,345;383,4285;6;6;0;1373,184;294,912;0;294,912;1800;9018030,539
161;3,69;5,3;20;106;183,8464;974,38592;72,345;383,4285;10;4;0;915,456;196,608;0;196,608;2000;9411896,398
162;3,69;6,31;5;31,55;40,384;254,82304;36,9135;232,924185;2;6;0;1373,184;294,912;0;294,912;1250;4935546,433
163;3,69;6,31;5;31,55;40,384;254,82304;36,9135;232,924185;6;6;0;1373,184;294,912;0;294,912;1800;10761524,28
164;3,69;6,31;5;31,55;40,384;254,82304;36,9135;232,924185;10;4;0;915,456;196,608;0;196,608;1975;11002495,23
165;3,69;6,31;5;31,55;40,384;254,82304;61,5225;388,206975;2;6;0;1373,184;294,912;0;294,912;1250;4935546,433
166;3,69;6,31;5;31,55;40,384;254,82304;61,5225;388,206975;6;6;0;1373,184;294,912;0;294,912;1800;10761524,28
167;3,69;6,31;5;31,55;40,384;254,82304;61,5225;388,206975;10;4;0;915,456;196,608;0;196,608;1975;11002495,23
168;3,69;6,31;5;31,55;40,384;254,82304;86,1315;543,489765;2;6;0;1373,184;294,912;0;294,912;1250;4935546,433
169;3,69;6,31;5;31,55;40,384;254,82304;86,1315;543,489765;6;6;0;1373,184;294,912;0;294,912;1975;10761524,28
170;3,69;6,31;5;31,55;40,384;254,82304;86,1315;543,489765;10;4;0;915,456;196,608;0;196,608;1975;11002495,23
171;3,69;6,31;5;31,55;80,768;509,64608;36,9135;232,924185;2;6;0;1373,184;294,912;0;294,912;1250;4709432,545
172;3,69;6,31;5;31,55;80,768;509,64608;36,9135;232,924185;6;6;0;1373,184;294,912;0;294,912;1800;10312653,54
173;3,69;6,31;5;31,55;80,768;509,64608;36,9135;232,924185;10;4;0;915,456;196,608;0;196,608;2000;10596663,7
174;3,69;6,31;5;31,55;80,768;509,64608;61,5225;388,206975;2;6;0;1373,184;294,912;0;294,912;1250;4709432,545
175;3,69;6,31;5;31,55;80,768;509,64608;61,5225;388,206975;6;6;0;1373,184;294,912;0;294,912;1800;10312653,54
176;3,69;6,31;5;31,55;80,768;509,64608;61,5225;388,206975;10;4;0;915,456;196,608;0;196,608;2000;10596663,7
177;3,69;6,31;5;31,55;80,768;509,64608;86,1315;543,489765;2;6;0;1373,184;294,912;0;294,912;1250;4709432,545
178;3,69;6,31;5;31,55;80,768;509,64608;86,1315;543,489765;6;6;0;1373,184;294,912;0;294,912;1800;10312653,54
179;3,69;6,31;5;31,55;80,768;509,64608;86,1315;543,489765;10;4;0;915,456;196,608;0;196,608;2000;10596663,7
180;3,69;6,31;5;31,55;218,88128;1381,140877;36,9135;232,924185;2;6;0;1373,184;294,912;0;294,912;625;3936123,047
181;3,69;6,31;5;31,55;218,88128;1381,140877;36,9135;232,924185;6;6;0;1373,184;294,912;0;294,912;1800;8777515,608
182;3,69;6,31;5;31,55;218,88128;1381,140877;36,9135;232,924185;10;4;0;915,456;196,608;0;196,608;2000;9208719,856
183;3,69;6,31;5;31,55;218,88128;1381,140877;61,5225;388,206975;2;6;0;1373,184;294,912;0;294,912;625;3936123,047
184;3,69;6,31;5;31,55;218,88128;1381,140877;61,5225;388,206975;6;6;0;1373,184;294,912;0;294,912;1800;8777515,608
185;3,69;6,31;5;31,55;218,88128;1381,140877;61,5225;388,206975;10;4;0;915,456;196,608;0;196,608;2000;9208719,856
186;3,69;6,31;5;31,55;218,88128;1381,140877;86,1315;543,489765;2;6;0;1373,184;294,912;0;294,912;625;3936123,047
187;3,69;6,31;5;31,55;218,88128;1381,140877;86,1315;543,489765;6;6;0;1373,184;294,912;0;294,912;1800;8777515,608
188;3,69;6,31;5;31,55;218,88128;1381,140877;86,1315;543,489765;10;4;0;915,456;196,608;0;196,608;2000;9208719,856
189;3,69;6,31;10;63,1;40,384;254,82304;36,9135;232,924185;2;6;0;1373,184;294,912;0;294,912;1250;4872446,433
190;3,69;6,31;10;63,1;40,384;254,82304;36,9135;232,924185;6;6;0;1373,184;294,912;0;294,912;1800;10698424,28
191;3,69;6,31;10;63,1;40,384;254,82304;36,9135;232,924185;10;4;0;915,456;196,608;0;196,608;1975;10939395,23
192;3,69;6,31;10;63,1;40,384;254,82304;61,5225;388,206975;2;6;0;1373,184;294,912;0;294,912;1250;4872446,433
193;3,69;6,31;10;63,1;40,384;254,82304;61,5225;388,206975;6;6;0;1373,184;294,912;0;294,912;1800;10698424,28
194;3,69;6,31;10;63,1;40,384;254,82304;61,5225;388,206975;10;4;0;915,456;196,608;0;196,608;1975;10939395,23
195;3,69;6,31;10;63,1;40,384;254,82304;86,1315;543,489765;2;6;0;1373,184;294,912;0;294,912;1250;4872446,433
196;3,69;6,31;10;63,1;40,384;254,82304;86,1315;543,489765;6;6;0;1373,184;294,912;0;294,912;1975;10698424,28
197;3,69;6,31;10;63,1;40,384;254,82304;86,1315;543,489765;10;4;0;915,456;196,608;0;196,608;1975;10939395,23
198;3,69;6,31;10;63,1;80,768;509,64608;36,9135;232,924185;2;6;0;1373,184;294,912;0;294,912;1250;4646332,545
199;3,69;6,31;10;63,1;80,768;509,64608;36,9135;232,924185;6;6;0;1373,184;294,912;0;294,912;1800;10249553,54
200;3,69;6,31;10;63,1;80,768;509,64608;36,9135;232,924185;10;4;0;915,456;196,608;0;196,608;2000;10533563,7
201;3,69;6,31;10;63,1;80,768;509,64608;61,5225;388,206975;2;6;0;1373,184;294,912;0;294,912;1250;4646332,545
202;3,69;6,31;10;63,1;80,768;509,64608;61,5225;388,206975;6;6;0;1373,184;294,912;0;294,912;1800;10249553,54
203;3,69;6,31;10;63,1;80,768;509,64608;61,5225;388,206975;10;4;0;915,456;196,608;0;196,608;2000;10533563,7
204;3,69;6,31;10;63,1;80,768;509,64608;86,1315;543,489765;2;6;0;1373,184;294,912;0;294,912;1250;4646332,545
205;3,69;6,31;10;63,1;80,768;509,64608;86,1315;543,489765;6;6;0;1373,184;294,912;0;294,912;1800;10249553,54
206;3,69;6,31;10;63,1;80,768;509,64608;86,1315;543,489765;10;4;0;915,456;196,608;0;196,608;2000;10533563,7
207;3,69;6,31;10;63,1;218,88128;1381,140877;36,9135;232,924185;2;6;0;1373,184;294,912;0;294,912;625;3873023,047
208;3,69;6,31;10;63,1;218,88128;1381,140877;36,9135;232,924185;6;6;0;1373,184;294,912;0;294,912;1800;8714415,608
209;3,69;6,31;10;63,1;218,88128;1381,140877;36,9135;232,924185;10;4;0;915,456;196,608;0;196,608;2000;9145619,856
210;3,69;6,31;10;63,1;218,88128;1381,140877;61,5225;388,206975;2;6;0;1373,184;294,912;0;294,912;625;3873023,047
211;3,69;6,31;10;63,1;218,88128;1381,140877;61,5225;388,206975;6;6;0;1373,184;294,912;0;294,912;1800;8714415,608
212;3,69;6,31;10;63,1;218,88128;1381,140877;61,5225;388,206975;10;4;0;915,456;196,608;0;196,608;2000;9145619,856
213;3,69;6,31;10;63,1;218,88128;1381,140877;86,1315;543,489765;2;6;0;1373,184;294,912;0;294,912;625;3873023,047
214;3,69;6,31;10;63,1;218,88128;1381,140877;86,1315;543,489765;6;6;0;1373,184;294,912;0;294,912;1800;8714415,608
215;3,69;6,31;10;63,1;218,88128;1381,140877;86,1315;543,489765;10;4;0;915,456;196,608;0;196,608;2000;9145619,856
216;3,69;6,31;20;126,2;40,384;254,82304;36,9135;232,924185;2;6;0;1373,184;294,912;0;294,912;1250;4746246,433
217;3,69;6,31;20;126,2;40,384;254,82304;36,9135;232,924185;6;6;0;1373,184;294,912;0;294,912;1800;10572224,28
218;3,69;6,31;20;126,2;40,384;254,82304;36,9135;232,924185;10;4;0;915,456;196,608;0;196,608;1975;10813195,23
219;3,69;6,31;20;126,2;40,384;254,82304;61,5225;388,206975;2;6;0;1373,184;294,912;0;294,912;1250;4746246,433
220;3,69;6,31;20;126,2;40,384;254,82304;61,5225;388,206975;6;6;0;1373,184;294,912;0;294,912;1800;10572224,28
221;3,69;6,31;20;126,2;40,384;254,82304;61,5225;388,206975;10;4;0;915,456;196,608;0;196,608;1975;10813195,23
222;3,69;6,31;20;126,2;40,384;254,82304;86,1315;543,489765;2;6;0;1373,184;294,912;0;294,912;1250;4746246,433
223;3,69;6,31;20;126,2;40,384;254,82304;86,1315;543,489765;6;6;0;1373,184;294,912;0;294,912;1975;10572224,28
224;3,69;6,31;20;126,2;40,384;254,82304;86,1315;543,489765;10;4;0;915,456;196,608;0;196,608;1975;10813195,23
225;3,69;6,31;20;126,2;80,768;509,64608;36,9135;232,924185;2;6;0;1373,184;294,912;0;294,912;1250;4520132,545
226;3,69;6,31;20;126,2;80,768;509,64608;36,9135;232,924185;6;6;0;1373,184;294,912;0;294,912;1800;10123353,54
227;3,69;6,31;20;126,2;80,768;509,64608;36,9135;232,924185;10;4;0;915,456;196,608;0;196,608;2000;10407363,7
228;3,69;6,31;20;126,2;80,768;509,64608;61,5225;388,206975;2;6;0;1373,184;294,912;0;294,912;1250;4520132,545
229;3,69;6,31;20;126,2;80,768;509,64608;61,5225;388,206975;6;6;0;1373,184;294,912;0;294,912;1800;10123353,54
230;3,69;6,31;20;126,2;80,768;509,64608;61,5225;388,206975;10;4;0;915,456;196,608;0;196,608;2000;10407363,7
231;3,69;6,31;20;126,2;80,768;509,64608;86,1315;543,489765;2;6;0;1373,184;294,912;0;294,912;1250;4520132,545
232;3,69;6,31;20;126,2;80,768;509,64608;86,1315;543,489765;6;6;0;1373,184;294,912;0;294,912;1800;10123353,54
233;3,69;6,31;20;126,2;80,768;509,64608;86,1315;543,489765;10;4;0;915,456;196,608;0;196,608;2000;10407363,7
234;3,69;6,31;20;126,2;218,88128;1381,140877;36,9135;232,924185;2;6;0;1373,184;294,912;0;294,912;625;3746823,047
235;3,69;6,31;20;126,2;218,88128;1381,140877;36,9135;232,924185;6;6;0;1373,184;294,912;0;294,912;1800;8588215,608
236;3,69;6,31;20;126,2;218,88128;1381,140877;36,9135;232,924185;10;4;0;915,456;196,608;0;196,608;2000;9019419,856
237;3,69;6,31;20;126,2;218,88128;1381,140877;61,5225;388,206975;2;6;0;1373,184;294,912;0;294,912;625;3746823,047
238;3,69;6,31;20;126,2;218,88128;1381,140877;61,5225;388,206975;6;6;0;1373,184;294,912;0;294,912;1800;8588215,608
239;3,69;6,31;20;126,2;218,88128;1381,140877;61,5225;388,206975;10;4;0;915,456;196,608;0;196,608;2000;9019419,856
240;3,69;6,31;20;126,2;218,88128;1381,140877;86,1315;543,489765;2;6;0;1373,184;294,912;0;294,912;625;3746823,047
241;3,69;6,31;20;126,2;218,88128;1381,140877;86,1315;543,489765;6;6;0;1373,184;294,912;0;294,912;1800;8588215,608
242;3,69;6,31;20;126,2;218,88128;1381,140877;86,1315;543,489765;10;4;0;915,456;196,608;0;196,608;2000;9019419,856
243;5,78;4,58;5;22,9;29,312;134,24896;26,793;122,71194;2;6;0;1373,184;294,912;0;294,912;1250;7974121,214
244;5,78;4,58;5;22,9;29,312;134,24896;26,793;122,71194;6;6;0;1373,184;294,912;0;294,912;1800;17287148,97
245;5,78;4,58;5;22,9;29,312;134,24896;26,793;122,71194;10;5;0;1144,32;245,76;0;245,76;2000;17644900,35
246;5,78;4,58;5;22,9;29,312;134,24896;44,655;204,5199;2;6;0;1373,184;294,912;0;294,912;1250;7974121,214
247;5,78;4,58;5;22,9;29,312;134,24896;44,655;204,5199;6;6;0;1373,184;294,912;0;294,912;1800;17287148,97
248;5,78;4,58;5;22,9;29,312;134,24896;44,655;204,5199;10;5;0;1144,32;245,76;0;245,76;2000;17644900,35
249;5,78;4,58;5;22,9;29,312;134,24896;62,517;286,32786;2;6;0;1373,184;294,912;0;294,912;1250;7974121,214
250;5,78;4,58;5;22,9;29,312;134,24896;62,517;286,32786;6;6;0;1373,184;294,912;0;294,912;1800;17287148,97
251;5,78;4,58;5;22,9;29,312;134,24896;62,517;286,32786;10;5;0;1144,32;245,76;0;245,76;2000;17644900,35
252;5,78;4,58;5;22,9;58,624;268,49792;26,793;122,71194;2;6;0;1373,184;294,912;0;294,912;1250;7810000,516
253;5,78;4,58;5;22,9;58,624;268,49792;26,793;122,71194;6;6;0;1373,184;294,912;0;294,912;1800;16961344,22
254;5,78;4,58;5;22,9;58,624;268,49792;26,793;122,71194;10;4;0;915,456;196,608;0;196,608;2000;17333862,11
255;5,78;4,58;5;22,9;58,624;268,49792;44,655;204,5199;2;6;0;1373,184;294,912;0;294,912;1250;7810000,516
256;5,78;4,58;5;22,9;58,624;268,49792;44,655;204,5199;6;6;0;1373,184;294,912;0;294,912;1800;16961344,22
257;5,78;4,58;5;22,9;58,624;268,49792;44,655;204,5199;10;4;0;915,456;196,608;0;196,608;1975;17333862,11
258;5,78;4,58;5;22,9;58,624;268,49792;62,517;286,32786;2;6;0;1373,184;294,912;0;294,912;1250;7810000,516
259;5,78;4,58;5;22,9;58,624;268,49792;62,517;286,32786;6;6;0;1373,184;294,912;0;294,912;1800;16961344,22
260;5,78;4,58;5;22,9;58,624;268,49792;62,517;286,32786;10;4;0;915,456;196,608;0;196,608;1975;17333862,11
261;5,78;4,58;5;22,9;158,87104;727,6293632;26,793;122,71194;2;6;0;1373,184;294,912;0;294,912;1250;7248707,726
262;5,78;4,58;5;22,9;158,87104;727,6293632;26,793;122,71194;6;6;0;1373,184;294,912;0;294,912;1800;15847091,96
263;5,78;4,58;5;22,9;158,87104;727,6293632;26,793;122,71194;10;4;0;915,456;196,608;0;196,608;2000;16326448,03
264;5,78;4,58;5;22,9;158,87104;727,6293632;44,655;204,5199;2;6;0;1373,184;294,912;0;294,912;1250;7248707,726
265;5,78;4,58;5;22,9;158,87104;727,6293632;44,655;204,5199;6;6;0;1373,184;294,912;0;294,912;1800;15847091,96
266;5,78;4,58;5;22,9;158,87104;727,6293632;44,655;204,5199;10;4;0;915,456;196,608;0;196,608;2000;16326448,03
267;5,78;4,58;5;22,9;158,87104;727,6293632;62,517;286,32786;2;6;0;1373,184;294,912;0;294,912;1250;7248707,726
268;5,78;4,58;5;22,9;158,87104;727,6293632;62,517;286,32786;6;6;0;1373,184;294,912;0;294,912;1800;15847091,96
269;5,78;4,58;5;22,9;158,87104;727,6293632;62,517;286,32786;10;4;0;915,456;196,608;0;196,608;2000;16326448,03
270;5,78;4,58;10;45,8;29,312;134,24896;26,793;122,71194;2;6;0;1373,184;294,912;0;294,912;1250;7928321,214
271;5,78;4,58;10;45,8;29,312;134,24896;26,793;122,71194;6;6;0;1373,184;294,912;0;294,912;1800;17241348,97
272;5,78;4,58;10;45,8;29,312;134,24896;26,793;122,71194;10;5;0;1144,32;245,76;0;245,76;2000;17599100,35
273;5,78;4,58;10;45,8;29,312;134,24896;44,655;204,5199;2;6;0;1373,184;294,912;0;294,912;1250;7928321,214
274;5,78;4,58;10;45,8;29,312;134,24896;44,655;204,5199;6;6;0;1373,184;294,912;0;294,912;1800;17241348,97
275;5,78;4,58;10;45,8;29,312;134,24896;44,655;204,5199;10;5;0;1144,32;245,76;0;245,76;2000;17599100,35
276;5,78;4,58;10;45,8;29,312;134,24896;62,517;286,32786;2;6;0;1373,184;294,912;0;294,912;1250;7928321,214
277;5,78;4,58;10;45,8;29,312;134,24896;62,517;286,32786;6;6;0;1373,184;294,912;0;294,912;1800;17241348,97
278;5,78;4,58;10;45,8;29,312;134,24896;62,517;286,32786;10;5;0;1144,32;245,76;0;245,76;2000;17599100,35
279;5,78;4,58;10;45,8;58,624;268,49792;26,793;122,71194;2;6;0;1373,184;294,912;0;294,912;1250;7764200,516
280;5,78;4,58;10;45,8;58,624;268,49792;26,793;122,71194;6;6;0;1373,184;294,912;0;294,912;1800;16915544,22
281;5,78;4,58;10;45,8;58,624;268,49792;26,793;122,71194;10;4;0;915,456;196,608;0;196,608;2000;17288062,11
282;5,78;4,58;10;45,8;58,624;268,49792;44,655;204,5199;2;6;0;1373,184;294,912;0;294,912;1250;7764200,516
283;5,78;4,58;10;45,8;58,624;268,49792;44,655;204,5199;6;6;0;1373,184;294,912;0;294,912;1800;16915544,22
284;5,78;4,58;10;45,8;58,624;268,49792;44,655;204,5199;10;4;0;915,456;196,608;0;196,608;1975;17288062,11
285;5,78;4,58;10;45,8;58,624;268,49792;62,517;286,32786;2;6;0;1373,184;294,912;0;294,912;1250;7764200,516
286;5,78;4,58;10;45,8;58,624;268,49792;62,517;286,32786;6;6;0;1373,184;294,912;0;294,912;1800;16915544,22
287;5,78;4,58;10;45,8;58,624;268,49792;62,517;286,32786;10;4;0;915,456;196,608;0;196,608;1975;17288062,11
288;5,78;4,58;10;45,8;158,87104;727,6293632;26,793;122,71194;2;6;0;1373,184;294,912;0;294,912;1250;7202907,726
289;5,78;4,58;10;45,8;158,87104;727,6293632;26,793;122,71194;6;6;0;1373,184;294,912;0;294,912;1800;15801291,96
290;5,78;4,58;10;45,8;158,87104;727,6293632;26,793;122,71194;10;4;0;915,456;196,608;0;196,608;2000;16280648,03
291;5,78;4,58;10;45,8;158,87104;727,6293632;44,655;204,5199;2;6;0;1373,184;294,912;0;294,912;1250;7202907,726
292;5,78;4,58;10;45,8;158,87104;727,6293632;44,655;204,5199;6;6;0;1373,184;294,912;0;294,912;1800;15801291,96
293;5,78;4,58;10;45,8;158,87104;727,6293632;44,655;204,5199;10;4;0;915,456;196,608;0;196,608;2000;16280648,03
294;5,78;4,58;10;45,8;158,87104;727,6293632;62,517;286,32786;2;6;0;1373,184;294,912;0;294,912;1250;7202907,726
295;5,78;4,58;10;45,8;158,87104;727,6293632;62,517;286,32786;6;6;0;1373,184;294,912;0;294,912;1800;15801291,96
296;5,78;4,58;10;45,8;158,87104;727,6293632;62,517;286,32786;10;4;0;915,456;196,608;0;196,608;2000;16280648,03
297;5,78;4,58;20;91,6;29,312;134,24896;26,793;122,71194;2;6;0;1373,184;294,912;0;294,912;1250;7836721,214
298;5,78;4,58;20;91,6;29,312;134,24896;26,793;122,71194;6;6;0;1373,184;294,912;0;294,912;1800;17149748,97
299;5,78;4,58;20;91,6;29,312;134,24896;26,793;122,71194;10;5;0;1144,32;245,76;0;245,76;2000;17507500,35
300;5,78;4,58;20;91,6;29,312;134,24896;44,655;204,5199;2;6;0;1373,184;294,912;0;294,912;1250;7836721,214
301;5,78;4,58;20;91,6;29,312;134,24896;44,655;204,5199;6;6;0;1373,184;294,912;0;294,912;1800;17149748,97
302;5,78;4,58;20;91,6;29,312;134,24896;44,655;204,5199;10;5;0;1144,32;245,76;0;245,76;2000;17507500,35
303;5,78;4,58;20;91,6;29,312;134,24896;62,517;286,32786;2;6;0;1373,184;294,912;0;294,912;1250;7836721,214
304;5,78;4,58;20;91,6;29,312;134,24896;62,517;286,32786;6;6;0;1373,184;294,912;0;294,912;1800;17149748,97
305;5,78;4,58;20;91,6;29,312;134,24896;62,517;286,32786;10;5;0;1144,32;245,76;0;245,76;2000;17507500,35
306;5,78;4,58;20;91,6;58,624;268,49792;26,793;122,71194;2;6;0;1373,184;294,912;0;294,912;1250;7672600,516
307;5,78;4,58;20;91,6;58,624;268,49792;26,793;122,71194;6;6;0;1373,184;294,912;0;294,912;1800;16823944,22
308;5,78;4,58;20;91,6;58,624;268,49792;26,793;122,71194;10;4;0;915,456;196,608;0;196,608;2000;17196462,11
309;5,78;4,58;20;91,6;58,624;268,49792;44,655;204,5199;2;6;0;1373,184;294,912;0;294,912;1250;7672600,516
310;5,78;4,58;20;91,6;58,624;268,49792;44,655;204,5199;6;6;0;1373,184;294,912;0;294,912;1800;16823944,22
311;5,78;4,58;20;91,6;58,624;268,49792;44,655;204,5199;10;4;0;915,456;196,608;0;196,608;1975;17196462,11
312;5,78;4,58;20;91,6;58,624;268,49792;62,517;286,32786;2;6;0;1373,184;294,912;0;294,912;1250;7672600,516
313;5,78;4,58;20;91,6;58,624;268,49792;62,517;286,32786;6;6;0;1373,184;294,912;0;294,912;1800;16823944,22
314;5,78;4,58;20;91,6;58,624;268,49792;62,517;286,32786;10;4;0;915,456;196,608;0;196,608;1975;17196462,11
315;5,78;4,58;20;91,6;158,87104;727,6293632;26,793;122,71194;2;6;0;1373,184;294,912;0;294,912;1250;7111307,726
316;5,78;4,58;20;91,6;158,87104;727,6293632;26,793;122,71194;6;6;0;1373,184;294,912;0;294,912;1800;15709691,96
317;5,78;4,58;20;91,6;158,87104;727,6293632;26,793;122,71194;10;4;0;915,456;196,608;0;196,608;2000;16189048,03
318;5,78;4,58;20;91,6;158,87104;727,6293632;44,655;204,5199;2;6;0;1373,184;294,912;0;294,912;1250;7111307,726
319;5,78;4,58;20;91,6;158,87104;727,6293632;44,655;204,5199;6;6;0;1373,184;294,912;0;294,912;1800;15709691,96
320;5,78;4,58;20;91,6;158,87104;727,6293632;44,655;204,5199;10;4;0;915,456;196,608;0;196,608;2000;16189048,03
321;5,78;4,58;20;91,6;158,87104;727,6293632;62,517;286,32786;2;6;0;1373,184;294,912;0;294,912;1250;7111307,726
322;5,78;4,58;20;91,6;158,87104;727,6293632;62,517;286,32786;6;6;0;1373,184;294,912;0;294,912;1800;15709691,96
323;5,78;4,58;20;91,6;158,87104;727,6293632;62,517;286,32786;10;4;0;915,456;196,608;0;196,608;2000;16189048,03
324;5,78;5,3;5;26,5;33,92;179,776;31,005;164,3265;2;6;0;1373,184;294,912;0;294,912;1250;7941120,58
325;5,78;5,3;5;26,5;33,92;179,776;31,005;164,3265;6;6;0;1373,184;294,912;0;294,912;1800;17228730,76
326;5,78;5,3;5;26,5;33,92;179,776;31,005;164,3265;10;5;0;1144,32;245,76;0;245,76;2000;17587685,56
327;5,78;5,3;5;26,5;33,92;179,776;51,675;273,8775;2;6;0;1373,184;294,912;0;294,912;1250;7941120,58
328;5,78;5,3;5;26,5;33,92;179,776;51,675;273,8775;6;6;0;1373,184;294,912;0;294,912;1800;17228730,76
329;5,78;5,3;5;26,5;33,92;179,776;51,675;273,8775;10;5;0;1144,32;245,76;0;245,76;2000;17587685,56
330;5,78;5,3;5;26,5;33,92;179,776;72,345;383,4285;2;6;0;1373,184;294,912;0;294,912;1250;7941120,58
331;5,78;5,3;5;26,5;33,92;179,776;72,345;383,4285;6;6;0;1373,184;294,912;0;294,912;1800;17228730,76
332;5,78;5,3;5;26,5;33,92;179,776;72,345;383,4285;10;5;0;1144,32;245,76;0;245,76;2000;17587685,56
333;5,78;5,3;5;26,5;67,84;359,552;31,005;164,3265;2;6;0;1373,184;294,912;0;294,912;1250;7751199,248
334;5,78;5,3;5;26,5;67,84;359,552;31,005;164,3265;6;6;0;1373,184;294,912;0;294,912;1800;16851707,79
335;5,78;5,3;5;26,5;67,84;359,552;31,005;164,3265;10;4;0;915,456;196,608;0;196,608;2000;17234047,62
336;5,78;5,3;5;26,5;67,84;359,552;51,675;273,8775;2;6;0;1373,184;294,912;0;294,912;1250;7751199,248
337;5,78;5,3;5;26,5;67,84;359,552;51,675;273,8775;6;6;0;1373,184;294,912;0;294,912;1800;16851707,79
338;5,78;5,3;5;26,5;67,84;359,552;51,675;273,8775;10;4;0;915,456;196,608;0;196,608;2000;17234047,62
339;5,78;5,3;5;26,5;67,84;359,552;72,345;383,4285;2;6;0;1373,184;294,912;0;294,912;1250;7751199,248
340;5,78;5,3;5;26,5;67,84;359,552;72,345;383,4285;6;6;0;1373,184;294,912;0;294,912;1800;16851707,79
341;5,78;5,3;5;26,5;67,84;359,552;72,345;383,4285;10;4;0;915,456;196,608;0;196,608;1975;17234047,62
342;5,78;5,3;5;26,5;183,8464;974,38592;31,005;164,3265;2;6;0;1373,184;294,912;0;294,912;1250;7101668,291
343;5,78;5,3;5;26,5;183,8464;974,38592;31,005;164,3265;6;6;0;1373,184;294,912;0;294,912;1800;15562289,24
344;5,78;5,3;5;26,5;183,8464;974,38592;31,005;164,3265;10;4;0;915,456;196,608;0;196,608;2000;16068262,78
345;5,78;5,3;5;26,5;183,8464;974,38592;51,675;273,8775;2;6;0;1373,184;294,912;0;294,912;1250;7101668,291
346;5,78;5,3;5;26,5;183,8464;974,38592;51,675;273,8775;6;6;0;1373,184;294,912;0;294,912;1800;15562289,24
347;5,78;5,3;5;26,5;183,8464;974,38592;51,675;273,8775;10;4;0;915,456;196,608;0;196,608;2000;16068262,78
348;5,78;5,3;5;26,5;183,8464;974,38592;72,345;383,4285;2;6;0;1373,184;294,912;0;294,912;1250;7101668,291
349;5,78;5,3;5;26,5;183,8464;974,38592;72,345;383,4285;6;6;0;1373,184;294,912;0;294,912;1800;15562289,24
350;5,78;5,3;5;26,5;183,8464;974,38592;72,345;383,4285;10;4;0;915,456;196,608;0;196,608;2000;16068262,78
351;5,78;5,3;10;53;33,92;179,776;31,005;164,3265;2;6;0;1373,184;294,912;0;294,912;1250;7888120,58
352;5,78;5,3;10;53;33,92;179,776;31,005;164,3265;6;6;0;1373,184;294,912;0;294,912;1800;17175730,76
353;5,78;5,3;10;53;33,92;179,776;31,005;164,3265;10;5;0;1144,32;245,76;0;245,76;2000;17534685,56
354;5,78;5,3;10;53;33,92;179,776;51,675;273,8775;2;6;0;1373,184;294,912;0;294,912;1250;7888120,58
355;5,78;5,3;10;53;33,92;179,776;51,675;273,8775;6;6;0;1373,184;294,912;0;294,912;1800;17175730,76
356;5,78;5,3;10;53;33,92;179,776;51,675;273,8775;10;5;0;1144,32;245,76;0;245,76;2000;17534685,56
357;5,78;5,3;10;53;33,92;179,776;72,345;383,4285;2;6;0;1373,184;294,912;0;294,912;1250;7888120,58
358;5,78;5,3;10;53;33,92;179,776;72,345;383,4285;6;6;0;1373,184;294,912;0;294,912;1800;17175730,76
359;5,78;5,3;10;53;33,92;179,776;72,345;383,4285;10;5;0;1144,32;245,76;0;245,76;2000;17534685,56
360;5,78;5,3;10;53;67,84;359,552;31,005;164,3265;2;6;0;1373,184;294,912;0;294,912;1250;7698199,248
361;5,78;5,3;10;53;67,84;359,552;31,005;164,3265;6;6;0;1373,184;294,912;0;294,912;1800;16798707,79
362;5,78;5,3;10;53;67,84;359,552;31,005;164,3265;10;4;0;915,456;196,608;0;196,608;2000;17181047,62
363;5,78;5,3;10;53;67,84;359,552;51,675;273,8775;2;6;0;1373,184;294,912;0;294,912;1250;7698199,248
364;5,78;5,3;10;53;67,84;359,552;51,675;273,8775;6;6;0;1373,184;294,912;0;294,912;1800;16798707,79
365;5,78;5,3;10;53;67,84;359,552;51,675;273,8775;10;4;0;915,456;196,608;0;196,608;2000;17181047,62
366;5,78;5,3;10;53;67,84;359,552;72,345;383,4285;2;6;0;1373,184;294,912;0;294,912;1250;7698199,248
367;5,78;5,3;10;53;67,84;359,552;72,345;383,4285;6;6;0;1373,184;294,912;0;294,912;1800;16798707,79
368;5,78;5,3;10;53;67,84;359,552;72,345;383,4285;10;4;0;915,456;196,608;0;196,608;1975;17181047,62
369;5,78;5,3;10;53;183,8464;974,38592;31,005;164,3265;2;6;0;1373,184;294,912;0;294,912;1250;7048668,291
370;5,78;5,3;10;53;183,8464;974,38592;31,005;164,3265;6;6;0;1373,184;294,912;0;294,912;1800;15509289,24
371;5,78;5,3;10;53;183,8464;974,38592;31,005;164,3265;10;4;0;915,456;196,608;0;196,608;2000;16015262,78
372;5,78;5,3;10;53;183,8464;974,38592;51,675;273,8775;2;6;0;1373,184;294,912;0;294,912;1250;7048668,291
373;5,78;5,3;10;53;183,8464;974,38592;51,675;273,8775;6;6;0;1373,184;294,912;0;294,912;1800;15509289,24
374;5,78;5,3;10;53;183,8464;974,38592;51,675;273,8775;10;4;0;915,456;196,608;0;196,608;2000;16015262,78
375;5,78;5,3;10;53;183,8464;974,38592;72,345;383,4285;2;6;0;1373,184;294,912;0;294,912;1250;7048668,291
376;5,78;5,3;10;53;183,8464;974,38592;72,345;383,4285;6;6;0;1373,184;294,912;0;294,912;1800;15509289,24
377;5,78;5,3;10;53;183,8464;974,38592;72,345;383,4285;10;4;0;915,456;196,608;0;196,608;2000;16015262,78
378;5,78;5,3;20;106;33,92;179,776;31,005;164,3265;2;6;0;1373,184;294,912;0;294,912;1250;7782120,58
379;5,78;5,3;20;106;33,92;179,776;31,005;164,3265;6;6;0;1373,184;294,912;0;294,912;1800;17069730,76
380;5,78;5,3;20;106;33,92;179,776;31,005;164,3265;10;5;0;1144,32;245,76;0;245,76;2000;17428685,56
381;5,78;5,3;20;106;33,92;179,776;51,675;273,8775;2;6;0;1373,184;294,912;0;294,912;1250;7782120,58
382;5,78;5,3;20;106;33,92;179,776;51,675;273,8775;6;6;0;1373,184;294,912;0;294,912;1800;17069730,76
383;5,78;5,3;20;106;33,92;179,776;51,675;273,8775;10;5;0;1144,32;245,76;0;245,76;2000;17428685,56
384;5,78;5,3;20;106;33,92;179,776;72,345;383,4285;2;6;0;1373,184;294,912;0;294,912;1250;7782120,58
385;5,78;5,3;20;106;33,92;179,776;72,345;383,4285;6;6;0;1373,184;294,912;0;294,912;1800;17069730,76
386;5,78;5,3;20;106;33,92;179,776;72,345;383,4285;10;5;0;1144,32;245,76;0;245,76;2000;17428685,56
387;5,78;5,3;20;106;67,84;359,552;31,005;164,3265;2;6;0;1373,184;294,912;0;294,912;1250;7592199,248
388;5,78;5,3;20;106;67,84;359,552;31,005;164,3265;6;6;0;1373,184;294,912;0;294,912;1800;16692707,79
389;5,78;5,3;20;106;67,84;359,552;31,005;164,3265;10;4;0;915,456;196,608;0;196,608;2000;17075047,62
390;5,78;5,3;20;106;67,84;359,552;51,675;273,8775;2;6;0;1373,184;294,912;0;294,912;1250;7592199,248
391;5,78;5,3;20;106;67,84;359,552;51,675;273,8775;6;6;0;1373,184;294,912;0;294,912;1800;16692707,79
392;5,78;5,3;20;106;67,84;359,552;51,675;273,8775;10;4;0;915,456;196,608;0;196,608;2000;17075047,62
393;5,78;5,3;20;106;67,84;359,552;72,345;383,4285;2;6;0;1373,184;294,912;0;294,912;1250;7592199,248
394;5,78;5,3;20;106;67,84;359,552;72,345;383,4285;6;6;0;1373,184;294,912;0;294,912;1800;16692707,79
395;5,78;5,3;20;106;67,84;359,552;72,345;383,4285;10;4;0;915,456;196,608;0;196,608;1975;17075047,62
396;5,78;5,3;20;106;183,8464;974,38592;31,005;164,3265;2;6;0;1373,184;294,912;0;294,912;1250;6942668,291
397;5,78;5,3;20;106;183,8464;974,38592;31,005;164,3265;6;6;0;1373,184;294,912;0;294,912;1800;15403289,24
398;5,78;5,3;20;106;183,8464;974,38592;31,005;164,3265;10;4;0;915,456;196,608;0;196,608;2000;15909262,78
399;5,78;5,3;20;106;183,8464;974,38592;51,675;273,8775;2;6;0;1373,184;294,912;0;294,912;1250;6942668,291
400;5,78;5,3;20;106;183,8464;974,38592;51,675;273,8775;6;6;0;1373,184;294,912;0;294,912;1800;15403289,24
401;5,78;5,3;20;106;183,8464;974,38592;51,675;273,8775;10;4;0;915,456;196,608;0;196,608;2000;15909262,78
402;5,78;5,3;20;106;183,8464;974,38592;72,345;383,4285;2;6;0;1373,184;294,912;0;294,912;1250;6942668,291
403;5,78;5,3;20;106;183,8464;974,38592;72,345;383,4285;6;6;0;1373,184;294,912;0;294,912;1800;15403289,24
404;5,78;5,3;20;106;183,8464;974,38592;72,345;383,4285;10;4;0;915,456;196,608;0;196,608;2000;15909262,78
405;5,78;6,31;5;31,55;40,384;254,82304;36,9135;232,924185;2;6;0;1373,184;294,912;0;294,912;1250;7894828,025
406;5,78;6,31;5;31,55;40,384;254,82304;36,9135;232,924185;6;6;0;1373,184;294,912;0;294,912;1800;17146782,98
407;5,78;6,31;5;31,55;40,384;254,82304;36,9135;232,924185;10;5;0;1144,32;245,76;0;245,76;2000;17507425,91
408;5,78;6,31;5;31,55;40,384;254,82304;61,5225;388,206975;2;6;0;1373,184;294,912;0;294,912;1250;7894828,025
409;5,78;6,31;5;31,55;40,384;254,82304;61,5225;388,206975;6;6;0;1373,184;294,912;0;294,912;1800;17146782,98
410;5,78;6,31;5;31,55;40,384;254,82304;61,5225;388,206975;10;5;0;1144,32;245,76;0;245,76;2000;17507425,91
411;5,78;6,31;5;31,55;40,384;254,82304;86,1315;543,489765;2;6;0;1373,184;294,912;0;294,912;1250;7894828,025
412;5,78;6,31;5;31,55;40,384;254,82304;86,1315;543,489765;6;6;0;1373,184;294,912;0;294,912;1800;17146782,98
413;5,78;6,31;5;31,55;40,384;254,82304;86,1315;543,489765;10;5;0;1144,32;245,76;0;245,76;2000;17507425,91
414;5,78;6,31;5;31,55;80,768;509,64608;36,9135;232,924185;2;6;0;1373,184;294,912;0;294,912;1250;7668714,136
415;5,78;6,31;5;31,55;80,768;509,64608;36,9135;232,924185;6;6;0;1373,184;294,912;0;294,912;1800;16697912,24
416;5,78;6,31;5;31,55;80,768;509,64608;36,9135;232,924185;10;4;0;915,456;196,608;0;196,608;2000;17094030,08
417;5,78;6,31;5;31,55;80,768;509,64608;61,5225;388,206975;2;6;0;1373,184;294,912;0;294,912;1250;7668714,136
418;5,78;6,31;5;31,55;80,768;509,64608;61,5225;388,206975;6;6;0;1373,184;294,912;0;294,912;1800;16697912,24
419;5,78;6,31;5;31,55;80,768;509,64608;61,5225;388,206975;10;4;0;915,456;196,608;0;196,608;2000;17094030,08
420;5,78;6,31;5;31,55;80,768;509,64608;86,1315;543,489765;2;6;0;1373,184;294,912;0;294,912;1250;7668714,136
421;5,78;6,31;5;31,55;80,768;509,64608;86,1315;543,489765;6;6;0;1373,184;294,912;0;294,912;1800;16697912,24
422;5,78;6,31;5;31,55;80,768;509,64608;86,1315;543,489765;10;4;0;915,456;196,608;0;196,608;2000;17094030,08
423;5,78;6,31;5;31,55;218,88128;1381,140877;36,9135;232,924185;2;6;0;1373,184;294,912;0;294,912;1250;6895404,638
424;5,78;6,31;5;31,55;218,88128;1381,140877;36,9135;232,924185;6;6;0;1373,184;294,912;0;294,912;1800;15162774,31
425;5,78;6,31;5;31,55;218,88128;1381,140877;36,9135;232,924185;10;4;0;915,456;196,608;0;196,608;2000;15706086,23
426;5,78;6,31;5;31,55;218,88128;1381,140877;61,5225;388,206975;2;6;0;1373,184;294,912;0;294,912;1250;6895404,638
427;5,78;6,31;5;31,55;218,88128;1381,140877;61,5225;388,206975;6;6;0;1373,184;294,912;0;294,912;1800;15162774,31
428;5,78;6,31;5;31,55;218,88128;1381,140877;61,5225;388,206975;10;4;0;915,456;196,608;0;196,608;2000;15706086,23
429;5,78;6,31;5;31,55;218,88128;1381,140877;86,1315;543,489765;2;6;0;1373,184;294,912;0;294,912;1250;6895404,638
430;5,78;6,31;5;31,55;218,88128;1381,140877;86,1315;543,489765;6;6;0;1373,184;294,912;0;294,912;1800;15162774,31
431;5,78;6,31;5;31,55;218,88128;1381,140877;86,1315;543,489765;10;4;0;915,456;196,608;0;196,608;2000;15706086,23
432;5,78;6,31;10;63,1;40,384;254,82304;36,9135;232,924185;2;6;0;1373,184;294,912;0;294,912;1250;7831728,025
433;5,78;6,31;10;63,1;40,384;254,82304;36,9135;232,924185;6;6;0;1373,184;294,912;0;294,912;1800;17083682,98
434;5,78;6,31;10;63,1;40,384;254,82304;36,9135;232,924185;10;5;0;1144,32;245,76;0;245,76;2000;17444325,91
435;5,78;6,31;10;63,1;40,384;254,82304;61,5225;388,206975;2;6;0;1373,184;294,912;0;294,912;1250;7831728,025
436;5,78;6,31;10;63,1;40,384;254,82304;61,5225;388,206975;6;6;0;1373,184;294,912;0;294,912;1800;17083682,98
437;5,78;6,31;10;63,1;40,384;254,82304;61,5225;388,206975;10;5;0;1144,32;245,76;0;245,76;2000;17444325,91
438;5,78;6,31;10;63,1;40,384;254,82304;86,1315;543,489765;2;6;0;1373,184;294,912;0;294,912;1250;7831728,025
439;5,78;6,31;10;63,1;40,384;254,82304;86,1315;543,489765;6;6;0;1373,184;294,912;0;294,912;1800;17083682,98
440;5,78;6,31;10;63,1;40,384;254,82304;86,1315;543,489765;10;5;0;1144,32;245,76;0;245,76;2000;17444325,91
441;5,78;6,31;10;63,1;80,768;509,64608;36,9135;232,924185;2;6;0;1373,184;294,912;0;294,912;1250;7605614,136
442;5,78;6,31;10;63,1;80,768;509,64608;36,9135;232,924185;6;6;0;1373,184;294,912;0;294,912;1800;16634812,24
443;5,78;6,31;10;63,1;80,768;509,64608;36,9135;232,924185;10;4;0;915,456;196,608;0;196,608;2000;17030930,08
444;5,78;6,31;10;63,1;80,768;509,64608;61,5225;388,206975;2;6;0;1373,184;294,912;0;294,912;1250;7605614,136
445;5,78;6,31;10;63,1;80,768;509,64608;61,5225;388,206975;6;6;0;1373,184;294,912;0;294,912;1800;16634812,24
446;5,78;6,31;10;63,1;80,768;509,64608;61,5225;388,206975;10;4;0;915,456;196,608;0;196,608;2000;17030930,08
447;5,78;6,31;10;63,1;80,768;509,64608;86,1315;543,489765;2;6;0;1373,184;294,912;0;294,912;1250;7605614,136
448;5,78;6,31;10;63,1;80,768;509,64608;86,1315;543,489765;6;6;0;1373,184;294,912;0;294,912;1800;16634812,24
449;5,78;6,31;10;63,1;80,768;509,64608;86,1315;543,489765;10;4;0;915,456;196,608;0;196,608;2000;17030930,08
450;5,78;6,31;10;63,1;218,88128;1381,140877;36,9135;232,924185;2;6;0;1373,184;294,912;0;294,912;1250;6832304,638
451;5,78;6,31;10;63,1;218,88128;1381,140877;36,9135;232,924185;6;6;0;1373,184;294,912;0;294,912;1800;15099674,31
452;5,78;6,31;10;63,1;218,88128;1381,140877;36,9135;232,924185;10;4;0;915,456;196,608;0;196,608;2000;15642986,23
453;5,78;6,31;10;63,1;218,88128;1381,140877;61,5225;388,206975;2;6;0;1373,184;294,912;0;294,912;1250;6832304,638
454;5,78;6,31;10;63,1;218,88128;1381,140877;61,5225;388,206975;6;6;0;1373,184;294,912;0;294,912;1800;15099674,31
455;5,78;6,31;10;63,1;218,88128;1381,140877;61,5225;388,206975;10;4;0;915,456;196,608;0;196,608;2000;15642986,23
456;5,78;6,31;10;63,1;218,88128;1381,140877;86,1315;543,489765;2;6;0;1373,184;294,912;0;294,912;1250;6832304,638
457;5,78;6,31;10;63,1;218,88128;1381,140877;86,1315;543,489765;6;6;0;1373,184;294,912;0;294,912;1800;15099674,31
458;5,78;6,31;10;63,1;218,88128;1381,140877;86,1315;543,489765;10;4;0;915,456;196,608;0;196,608;2000;15642986,23
459;5,78;6,31;20;126,2;40,384;254,82304;36,9135;232,924185;2;6;0;1373,184;294,912;0;294,912;1250;7705528,025
460;5,78;6,31;20;126,2;40,384;254,82304;36,9135;232,924185;6;6;0;1373,184;294,912;0;294,912;1800;16957482,98
461;5,78;6,31;20;126,2;40,384;254,82304;36,9135;232,924185;10;5;0;1144,32;245,76;0;245,76;2000;17318125,91
462;5,78;6,31;20;126,2;40,384;254,82304;61,5225;388,206975;2;6;0;1373,184;294,912;0;294,912;1250;7705528,025
463;5,78;6,31;20;126,2;40,384;254,82304;61,5225;388,206975;6;6;0;1373,184;294,912;0;294,912;1800;16957482,98
464;5,78;6,31;20;126,2;40,384;254,82304;61,5225;388,206975;10;5;0;1144,32;245,76;0;245,76;2000;17318125,91
465;5,78;6,31;20;126,2;40,384;254,82304;86,1315;543,489765;2;6;0;1373,184;294,912;0;294,912;1250;7705528,025
466;5,78;6,31;20;126,2;40,384;254,82304;86,1315;543,489765;6;6;0;1373,184;294,912;0;294,912;1800;16957482,98
467;5,78;6,31;20;126,2;40,384;254,82304;86,1315;543,489765;10;5;0;1144,32;245,76;0;245,76;2000;17318125,91
468;5,78;6,31;20;126,2;80,768;509,64608;36,9135;232,924185;2;6;0;1373,184;294,912;0;294,912;1250;7479414,136
469;5,78;6,31;20;126,2;80,768;509,64608;36,9135;232,924185;6;6;0;1373,184;294,912;0;294,912;1800;16508612,24
470;5,78;6,31;20;126,2;80,768;509,64608;36,9135;232,924185;10;4;0;915,456;196,608;0;196,608;2000;16904730,08
471;5,78;6,31;20;126,2;80,768;509,64608;61,5225;388,206975;2;6;0;1373,184;294,912;0;294,912;1250;7479414,136
472;5,78;6,31;20;126,2;80,768;509,64608;61,5225;388,206975;6;6;0;1373,184;294,912;0;294,912;1800;16508612,24
473;5,78;6,31;20;126,2;80,768;509,64608;61,5225;388,206975;10;4;0;915,456;196,608;0;196,608;2000;16904730,08
474;5,78;6,31;20;126,2;80,768;509,64608;86,1315;543,489765;2;6;0;1373,184;294,912;0;294,912;1250;7479414,136
475;5,78;6,31;20;126,2;80,768;509,64608;86,1315;543,489765;6;6;0;1373,184;294,912;0;294,912;1800;16508612,24
476;5,78;6,31;20;126,2;80,768;509,64608;86,1315;543,489765;10;4;0;915,456;196,608;0;196,608;2000;16904730,08
477;5,78;6,31;20;126,2;218,88128;1381,140877;36,9135;232,924185;2;6;0;1373,184;294,912;0;294,912;1250;6706104,638
478;5,78;6,31;20;126,2;218,88128;1381,140877;36,9135;232,924185;6;6;0;1373,184;294,912;0;294,912;1800;14973474,31
479;5,78;6,31;20;126,2;218,88128;1381,140877;36,9135;232,924185;10;4;0;915,456;196,608;0;196,608;2000;15516786,23
480;5,78;6,31;20;126,2;218,88128;1381,140877;61,5225;388,206975;2;6;0;1373,184;294,912;0;294,912;1250;6706104,638
481;5,78;6,31;20;126,2;218,88128;1381,140877;61,5225;388,206975;6;6;0;1373,184;294,912;0;294,912;1800;14973474,31
482;5,78;6,31;20;126,2;218,88128;1381,140877;61,5225;388,206975;10;4;0;915,456;196,608;0;196,608;2000;15516786,23
483;5,78;6,31;20;126,2;218,88128;1381,140877;86,1315;543,489765;2;6;0;1373,184;294,912;0;294,912;1250;6706104,638
484;5,78;6,31;20;126,2;218,88128;1381,140877;86,1315;543,489765;6;6;0;1373,184;294,912;0;294,912;1800;14973474,31
485;5,78;6,31;20;126,2;218,88128;1381,140877;86,1315;543,489765;10;4;0;915,456;196,608;0;196,608;2000;15516786,23
486;7,46;4,58;5;22,9;29,312;134,24896;26,793;122,71194;2;6;0;1373,184;294,912;0;294,912;1250;10352873,88
487;7,46;4,58;5;22,9;29,312;134,24896;26,793;122,71194;6;6;0;1373,184;294,912;0;294,912;1800;22419797,11
488;7,46;4,58;5;22,9;29,312;134,24896;26,793;122,71194;10;5;0;1144,32;245,76;0;245,76;2000;22879306,59
489;7,46;4,58;5;22,9;29,312;134,24896;44,655;204,5199;2;6;0;1373,184;294,912;0;294,912;1250;10352873,88
490;7,46;4,58;5;22,9;29,312;134,24896;44,655;204,5199;6;6;0;1373,184;294,912;0;294,912;1800;22419797,11
491;7,46;4,58;5;22,9;29,312;134,24896;44,655;204,5199;10;5;0;1144,32;245,76;0;245,76;2000;22879306,59
492;7,46;4,58;5;22,9;29,312;134,24896;62,517;286,32786;2;6;0;1373,184;294,912;0;294,912;1250;10352873,88
493;7,46;4,58;5;22,9;29,312;134,24896;62,517;286,32786;6;6;0;1373,184;294,912;0;294,912;1800;22419797,11
494;7,46;4,58;5;22,9;29,312;134,24896;62,517;286,32786;10;5;0;1144,32;245,76;0;245,76;2000;22879306,59
495;7,46;4,58;5;22,9;58,624;268,49792;26,793;122,71194;2;6;0;1373,184;294,912;0;294,912;1250;10188753,18
496;7,46;4,58;5;22,9;58,624;268,49792;26,793;122,71194;6;6;0;1373,184;294,912;0;294,912;1800;22093992,36
497;7,46;4,58;5;22,9;58,624;268,49792;26,793;122,71194;10;5;0;1144,32;245,76;0;245,76;2000;22561156,91
498;7,46;4,58;5;22,9;58,624;268,49792;44,655;204,5199;2;6;0;1373,184;294,912;0;294,912;1250;10188753,18
499;7,46;4,58;5;22,9;58,624;268,49792;44,655;204,5199;6;6;0;1373,184;294,912;0;294,912;1800;22093992,36
500;7,46;4,58;5;22,9;58,624;268,49792;44,655;204,5199;10;5;0;1144,32;245,76;0;245,76;2000;22561156,91
501;7,46;4,58;5;22,9;58,624;268,49792;62,517;286,32786;2;6;0;1373,184;294,912;0;294,912;1250;10188753,18
502;7,46;4,58;5;22,9;58,624;268,49792;62,517;286,32786;6;6;0;1373,184;294,912;0;294,912;1800;22093992,36
503;7,46;4,58;5;22,9;58,624;268,49792;62,517;286,32786;10;5;0;1144,32;245,76;0;245,76;2000;22561156,91
504;7,46;4,58;5;22,9;158,87104;727,6293632;26,793;122,71194;2;6;0;1373,184;294,912;0;294,912;1250;9627460,393
505;7,46;4,58;5;22,9;158,87104;727,6293632;26,793;122,71194;6;6;0;1373,184;294,912;0;294,912;1800;20979740,1
506;7,46;4,58;5;22,9;158,87104;727,6293632;26,793;122,71194;10;4;0;915,456;196,608;0;196,608;2000;21549211,44
507;7,46;4,58;5;22,9;158,87104;727,6293632;44,655;204,5199;2;6;0;1373,184;294,912;0;294,912;1250;9627460,393
508;7,46;4,58;5;22,9;158,87104;727,6293632;44,655;204,5199;6;6;0;1373,184;294,912;0;294,912;1800;20979740,1
509;7,46;4,58;5;22,9;158,87104;727,6293632;44,655;204,5199;10;4;0;915,456;196,608;0;196,608;2000;21549211,44
510;7,46;4,58;5;22,9;158,87104;727,6293632;62,517;286,32786;2;6;0;1373,184;294,912;0;294,912;1250;9627460,393
511;7,46;4,58;5;22,9;158,87104;727,6293632;62,517;286,32786;6;6;0;1373,184;294,912;0;294,912;1800;20979740,1
512;7,46;4,58;5;22,9;158,87104;727,6293632;62,517;286,32786;10;4;0;915,456;196,608;0;196,608;2000;21549211,44
513;7,46;4,58;10;45,8;29,312;134,24896;26,793;122,71194;2;6;0;1373,184;294,912;0;294,912;1250;10307073,88
514;7,46;4,58;10;45,8;29,312;134,24896;26,793;122,71194;6;6;0;1373,184;294,912;0;294,912;1800;22373997,11
515;7,46;4,58;10;45,8;29,312;134,24896;26,793;122,71194;10;5;0;1144,32;245,76;0;245,76;2000;22833506,59
516;7,46;4,58;10;45,8;29,312;134,24896;44,655;204,5199;2;6;0;1373,184;294,912;0;294,912;1250;10307073,88
517;7,46;4,58;10;45,8;29,312;134,24896;44,655;204,5199;6;6;0;1373,184;294,912;0;294,912;1800;22373997,11
518;7,46;4,58;10;45,8;29,312;134,24896;44,655;204,5199;10;5;0;1144,32;245,76;0;245,76;2000;22833506,59
519;7,46;4,58;10;45,8;29,312;134,24896;62,517;286,32786;2;6;0;1373,184;294,912;0;294,912;1250;10307073,88
520;7,46;4,58;10;45,8;29,312;134,24896;62,517;286,32786;6;6;0;1373,184;294,912;0;294,912;1800;22373997,11
521;7,46;4,58;10;45,8;29,312;134,24896;62,517;286,32786;10;5;0;1144,32;245,76;0;245,76;2000;22833506,59
522;7,46;4,58;10;45,8;58,624;268,49792;26,793;122,71194;2;6;0;1373,184;294,912;0;294,912;1250;10142953,18
523;7,46;4,58;10;45,8;58,624;268,49792;26,793;122,71194;6;6;0;1373,184;294,912;0;294,912;1800;22048192,36
524;7,46;4,58;10;45,8;58,624;268,49792;26,793;122,71194;10;5;0;1144,32;245,76;0;245,76;2000;22515356,91
525;7,46;4,58;10;45,8;58,624;268,49792;44,655;204,5199;2;6;0;1373,184;294,912;0;294,912;1250;10142953,18
526;7,46;4,58;10;45,8;58,624;268,49792;44,655;204,5199;6;6;0;1373,184;294,912;0;294,912;1800;22048192,36
527;7,46;4,58;10;45,8;58,624;268,49792;44,655;204,5199;10;5;0;1144,32;245,76;0;245,76;2000;22515356,91
528;7,46;4,58;10;45,8;58,624;268,49792;62,517;286,32786;2;6;0;1373,184;294,912;0;294,912;1250;10142953,18
529;7,46;4,58;10;45,8;58,624;268,49792;62,517;286,32786;6;6;0;1373,184;294,912;0;294,912;1800;22048192,36
530;7,46;4,58;10;45,8;58,624;268,49792;62,517;286,32786;10;5;0;1144,32;245,76;0;245,76;2000;22515356,91
531;7,46;4,58;10;45,8;158,87104;727,6293632;26,793;122,71194;2;6;0;1373,184;294,912;0;294,912;1250;9581660,393
532;7,46;4,58;10;45,8;158,87104;727,6293632;26,793;122,71194;6;6;0;1373,184;294,912;0;294,912;1800;20933940,1
533;7,46;4,58;10;45,8;158,87104;727,6293632;26,793;122,71194;10;4;0;915,456;196,608;0;196,608;2000;21503411,44
534;7,46;4,58;10;45,8;158,87104;727,6293632;44,655;204,5199;2;6;0;1373,184;294,912;0;294,912;1250;9581660,393
535;7,46;4,58;10;45,8;158,87104;727,6293632;44,655;204,5199;6;6;0;1373,184;294,912;0;294,912;1800;20933940,1
536;7,46;4,58;10;45,8;158,87104;727,6293632;44,655;204,5199;10;4;0;915,456;196,608;0;196,608;2000;21503411,44
537;7,46;4,58;10;45,8;158,87104;727,6293632;62,517;286,32786;2;6;0;1373,184;294,912;0;294,912;1250;9581660,393
538;7,46;4,58;10;45,8;158,87104;727,6293632;62,517;286,32786;6;6;0;1373,184;294,912;0;294,912;1800;20933940,1
539;7,46;4,58;10;45,8;158,87104;727,6293632;62,517;286,32786;10;4;0;915,456;196,608;0;196,608;2000;21503411,44
540;7,46;4,58;20;91,6;29,312;134,24896;26,793;122,71194;2;6;0;1373,184;294,912;0;294,912;1250;10215473,88
541;7,46;4,58;20;91,6;29,312;134,24896;26,793;122,71194;6;6;0;1373,184;294,912;0;294,912;1800;22282397,11
542;7,46;4,58;20;91,6;29,312;134,24896;26,793;122,71194;10;5;0;1144,32;245,76;0;245,76;2000;22741906,59
543;7,46;4,58;20;91,6;29,312;134,24896;44,655;204,5199;2;6;0;1373,184;294,912;0;294,912;1250;10215473,88
544;7,46;4,58;20;91,6;29,312;134,24896;44,655;204,5199;6;6;0;1373,184;294,912;0;294,912;1800;22282397,11
545;7,46;4,58;20;91,6;29,312;134,24896;44,655;204,5199;10;5;0;1144,32;245,76;0;245,76;2000;22741906,59
546;7,46;4,58;20;91,6;29,312;134,24896;62,517;286,32786;2;6;0;1373,184;294,912;0;294,912;1250;10215473,88
547;7,46;4,58;20;91,6;29,312;134,24896;62,517;286,32786;6;6;0;1373,184;294,912;0;294,912;1800;22282397,11
548;7,46;4,58;20;91,6;29,312;134,24896;62,517;286,32786;10;5;0;1144,32;245,76;0;245,76;2000;22741906,59
549;7,46;4,58;20;91,6;58,624;268,49792;26,793;122,71194;2;6;0;1373,184;294,912;0;294,912;1250;10051353,18
550;7,46;4,58;20;91,6;58,624;268,49792;26,793;122,71194;6;6;0;1373,184;294,912;0;294,912;1800;21956592,36
551;7,46;4,58;20;91,6;58,624;268,49792;26,793;122,71194;10;5;0;1144,32;245,76;0;245,76;2000;22423756,91
552;7,46;4,58;20;91,6;58,624;268,49792;44,655;204,5199;2;6;0;1373,184;294,912;0;294,912;1250;10051353,18
553;7,46;4,58;20;91,6;58,624;268,49792;44,655;204,5199;6;6;0;1373,184;294,912;0;294,912;1800;21956592,36
554;7,46;4,58;20;91,6;58,624;268,49792;44,655;204,5199;10;5;0;1144,32;245,76;0;245,76;2000;22423756,91
555;7,46;4,58;20;91,6;58,624;268,49792;62,517;286,32786;2;6;0;1373,184;294,912;0;294,912;1250;10051353,18
556;7,46;4,58;20;91,6;58,624;268,49792;62,517;286,32786;6;6;0;1373,184;294,912;0;294,912;1800;21956592,36
557;7,46;4,58;20;91,6;58,624;268,49792;62,517;286,32786;10;5;0;1144,32;245,76;0;245,76;2000;22423756,91
558;7,46;4,58;20;91,6;158,87104;727,6293632;26,793;122,71194;2;6;0;1373,184;294,912;0;294,912;1250;9490060,393
559;7,46;4,58;20;91,6;158,87104;727,6293632;26,793;122,71194;6;6;0;1373,184;294,912;0;294,912;1800;20842340,1
560;7,46;4,58;20;91,6;158,87104;727,6293632;26,793;122,71194;10;4;0;915,456;196,608;0;196,608;2000;21411811,44
561;7,46;4,58;20;91,6;158,87104;727,6293632;44,655;204,5199;2;6;0;1373,184;294,912;0;294,912;1250;9490060,393
562;7,46;4,58;20;91,6;158,87104;727,6293632;44,655;204,5199;6;6;0;1373,184;294,912;0;294,912;1800;20842340,1
563;7,46;4,58;20;91,6;158,87104;727,6293632;44,655;204,5199;10;4;0;915,456;196,608;0;196,608;2000;21411811,44
564;7,46;4,58;20;91,6;158,87104;727,6293632;62,517;286,32786;2;6;0;1373,184;294,912;0;294,912;1250;9490060,393
565;7,46;4,58;20;91,6;158,87104;727,6293632;62,517;286,32786;6;6;0;1373,184;294,912;0;294,912;1800;20842340,1
566;7,46;4,58;20;91,6;158,87104;727,6293632;62,517;286,32786;10;4;0;915,456;196,608;0;196,608;2000;21411811,44
567;7,46;5,3;5;26,5;33,92;179,776;31,005;164,3265;2;6;0;1373,184;294,912;0;294,912;1250;10319873,25
568;7,46;5,3;5;26,5;33,92;179,776;31,005;164,3265;6;6;0;1373,184;294,912;0;294,912;1800;22361378,9
569;7,46;5,3;5;26,5;33,92;179,776;31,005;164,3265;10;5;0;1144,32;245,76;0;245,76;2000;22822091,8
570;7,46;5,3;5;26,5;33,92;179,776;51,675;273,8775;2;6;0;1373,184;294,912;0;294,912;1250;10319873,25
571;7,46;5,3;5;26,5;33,92;179,776;51,675;273,8775;6;6;0;1373,184;294,912;0;294,912;1800;22361378,9
572;7,46;5,3;5;26,5;33,92;179,776;51,675;273,8775;10;5;0;1144,32;245,76;0;245,76;2000;22822091,8
573;7,46;5,3;5;26,5;33,92;179,776;72,345;383,4285;2;6;0;1373,184;294,912;0;294,912;1250;10319873,25
574;7,46;5,3;5;26,5;33,92;179,776;72,345;383,4285;6;6;0;1373,184;294,912;0;294,912;1800;22361378,9
575;7,46;5,3;5;26,5;33,92;179,776;72,345;383,4285;10;5;0;1144,32;245,76;0;245,76;2000;22822091,8
576;7,46;5,3;5;26,5;67,84;359,552;31,005;164,3265;2;6;0;1373,184;294,912;0;294,912;1250;10129951,91
577;7,46;5,3;5;26,5;67,84;359,552;31,005;164,3265;6;6;0;1373,184;294,912;0;294,912;1800;21984355,93
578;7,46;5,3;5;26,5;67,84;359,552;31,005;164,3265;10;4;0;915,456;196,608;0;196,608;2000;22456811,02
579;7,46;5,3;5;26,5;67,84;359,552;51,675;273,8775;2;6;0;1373,184;294,912;0;294,912;1250;10129951,91
580;7,46;5,3;5;26,5;67,84;359,552;51,675;273,8775;6;6;0;1373,184;294,912;0;294,912;1800;21984355,93
581;7,46;5,3;5;26,5;67,84;359,552;51,675;273,8775;10;4;0;915,456;196,608;0;196,608;2000;22456811,02
582;7,46;5,3;5;26,5;67,84;359,552;72,345;383,4285;2;6;0;1373,184;294,912;0;294,912;1250;10129951,91
583;7,46;5,3;5;26,5;67,84;359,552;72,345;383,4285;6;6;0;1373,184;294,912;0;294,912;1800;21984355,93
584;7,46;5,3;5;26,5;67,84;359,552;72,345;383,4285;10;4;0;915,456;196,608;0;196,608;2000;22456811,02
585;7,46;5,3;5;26,5;183,8464;974,38592;31,005;164,3265;2;6;0;1373,184;294,912;0;294,912;1250;9480420,957
586;7,46;5,3;5;26,5;183,8464;974,38592;31,005;164,3265;6;6;0;1373,184;294,912;0;294,912;1800;20694937,38
587;7,46;5,3;5;26,5;183,8464;974,38592;31,005;164,3265;10;4;0;915,456;196,608;0;196,608;2000;21291026,18
588;7,46;5,3;5;26,5;183,8464;974,38592;51,675;273,8775;2;6;0;1373,184;294,912;0;294,912;1250;9480420,957
589;7,46;5,3;5;26,5;183,8464;974,38592;51,675;273,8775;6;6;0;1373,184;294,912;0;294,912;1800;20694937,38
590;7,46;5,3;5;26,5;183,8464;974,38592;51,675;273,8775;10;4;0;915,456;196,608;0;196,608;2000;21291026,18
591;7,46;5,3;5;26,5;183,8464;974,38592;72,345;383,4285;2;6;0;1373,184;294,912;0;294,912;1250;9480420,957
592;7,46;5,3;5;26,5;183,8464;974,38592;72,345;383,4285;6;6;0;1373,184;294,912;0;294,912;1800;20694937,38
593;7,46;5,3;5;26,5;183,8464;974,38592;72,345;383,4285;10;4;0;915,456;196,608;0;196,608;2000;21291026,18
594;7,46;5,3;10;53;33,92;179,776;31,005;164,3265;2;6;0;1373,184;294,912;0;294,912;1250;10266873,25
595;7,46;5,3;10;53;33,92;179,776;31,005;164,3265;6;6;0;1373,184;294,912;0;294,912;1800;22308378,9
596;7,46;5,3;10;53;33,92;179,776;31,005;164,3265;10;5;0;1144,32;245,76;0;245,76;2000;22769091,8
597;7,46;5,3;10;53;33,92;179,776;51,675;273,8775;2;6;0;1373,184;294,912;0;294,912;1250;10266873,25
598;7,46;5,3;10;53;33,92;179,776;51,675;273,8775;6;6;0;1373,184;294,912;0;294,912;1800;22308378,9
599;7,46;5,3;10;53;33,92;179,776;51,675;273,8775;10;5;0;1144,32;245,76;0;245,76;2000;22769091,8
600;7,46;5,3;10;53;33,92;179,776;72,345;383,4285;2;6;0;1373,184;294,912;0;294,912;1250;10266873,25
601;7,46;5,3;10;53;33,92;179,776;72,345;383,4285;6;6;0;1373,184;294,912;0;294,912;1800;22308378,9
602;7,46;5,3;10;53;33,92;179,776;72,345;383,4285;10;5;0;1144,32;245,76;0;245,76;2000;22769091,8
603;7,46;5,3;10;53;67,84;359,552;31,005;164,3265;2;6;0;1373,184;294,912;0;294,912;1250;10076951,91
604;7,46;5,3;10;53;67,84;359,552;31,005;164,3265;6;6;0;1373,184;294,912;0;294,912;1800;21931355,93
605;7,46;5,3;10;53;67,84;359,552;31,005;164,3265;10;4;0;915,456;196,608;0;196,608;2000;22403811,02
606;7,46;5,3;10;53;67,84;359,552;51,675;273,8775;2;6;0;1373,184;294,912;0;294,912;1250;10076951,91
607;7,46;5,3;10;53;67,84;359,552;51,675;273,8775;6;6;0;1373,184;294,912;0;294,912;1800;21931355,93
608;7,46;5,3;10;53;67,84;359,552;51,675;273,8775;10;4;0;915,456;196,608;0;196,608;2000;22403811,02
609;7,46;5,3;10;53;67,84;359,552;72,345;383,4285;2;6;0;1373,184;294,912;0;294,912;1250;10076951,91
610;7,46;5,3;10;53;67,84;359,552;72,345;383,4285;6;6;0;1373,184;294,912;0;294,912;1800;21931355,93
611;7,46;5,3;10;53;67,84;359,552;72,345;383,4285;10;4;0;915,456;196,608;0;196,608;2000;22403811,02
612;7,46;5,3;10;53;183,8464;974,38592;31,005;164,3265;2;6;0;1373,184;294,912;0;294,912;1250;9427420,957
613;7,46;5,3;10;53;183,8464;974,38592;31,005;164,3265;6;6;0;1373,184;294,912;0;294,912;1800;20641937,38
614;7,46;5,3;10;53;183,8464;974,38592;31,005;164,3265;10;4;0;915,456;196,608;0;196,608;2000;21238026,18
615;7,46;5,3;10;53;183,8464;974,38592;51,675;273,8775;2;6;0;1373,184;294,912;0;294,912;1250;9427420,957
616;7,46;5,3;10;53;183,8464;974,38592;51,675;273,8775;6;6;0;1373,184;294,912;0;294,912;1800;20641937,38
617;7,46;5,3;10;53;183,8464;974,38592;51,675;273,8775;10;4;0;915,456;196,608;0;196,608;2000;21238026,18
618;7,46;5,3;10;53;183,8464;974,38592;72,345;383,4285;2;6;0;1373,184;294,912;0;294,912;1250;9427420,957
619;7,46;5,3;10;53;183,8464;974,38592;72,345;383,4285;6;6;0;1373,184;294,912;0;294,912;1800;20641937,38
620;7,46;5,3;10;53;183,8464;974,38592;72,345;383,4285;10;4;0;915,456;196,608;0;196,608;2000;21238026,18
621;7,46;5,3;20;106;33,92;179,776;31,005;164,3265;2;6;0;1373,184;294,912;0;294,912;1250;10160873,25
622;7,46;5,3;20;106;33,92;179,776;31,005;164,3265;6;6;0;1373,184;294,912;0;294,912;1800;22202378,9
623;7,46;5,3;20;106;33,92;179,776;31,005;164,3265;10;5;0;1144,32;245,76;0;245,76;2000;22663091,8
624;7,46;5,3;20;106;33,92;179,776;51,675;273,8775;2;6;0;1373,184;294,912;0;294,912;1250;10160873,25
625;7,46;5,3;20;106;33,92;179,776;51,675;273,8775;6;6;0;1373,184;294,912;0;294,912;1800;22202378,9
626;7,46;5,3;20;106;33,92;179,776;51,675;273,8775;10;5;0;1144,32;245,76;0;245,76;2000;22663091,8
627;7,46;5,3;20;106;33,92;179,776;72,345;383,4285;2;6;0;1373,184;294,912;0;294,912;1250;10160873,25
628;7,46;5,3;20;106;33,92;179,776;72,345;383,4285;6;6;0;1373,184;294,912;0;294,912;1800;22202378,9
629;7,46;5,3;20;106;33,92;179,776;72,345;383,4285;10;5;0;1144,32;245,76;0;245,76;2000;22663091,8
630;7,46;5,3;20;106;67,84;359,552;31,005;164,3265;2;6;0;1373,184;294,912;0;294,912;1250;9970951,915
631;7,46;5,3;20;106;67,84;359,552;31,005;164,3265;6;6;0;1373,184;294,912;0;294,912;1800;21825355,93
632;7,46;5,3;20;106;67,84;359,552;31,005;164,3265;10;4;0;915,456;196,608;0;196,608;2000;22297811,02
633;7,46;5,3;20;106;67,84;359,552;51,675;273,8775;2;6;0;1373,184;294,912;0;294,912;1250;9970951,915
634;7,46;5,3;20;106;67,84;359,552;51,675;273,8775;6;6;0;1373,184;294,912;0;294,912;1800;21825355,93
635;7,46;5,3;20;106;67,84;359,552;51,675;273,8775;10;4;0;915,456;196,608;0;196,608;2000;22297811,02
636;7,46;5,3;20;106;67,84;359,552;72,345;383,4285;2;6;0;1373,184;294,912;0;294,912;1250;9970951,915
637;7,46;5,3;20;106;67,84;359,552;72,345;383,4285;6;6;0;1373,184;294,912;0;294,912;1800;21825355,93
638;7,46;5,3;20;106;67,84;359,552;72,345;383,4285;10;4;0;915,456;196,608;0;196,608;2000;22297811,02
639;7,46;5,3;20;106;183,8464;974,38592;31,005;164,3265;2;6;0;1373,184;294,912;0;294,912;1250;9321420,957
640;7,46;5,3;20;106;183,8464;974,38592;31,005;164,3265;6;6;0;1373,184;294,912;0;294,912;1800;20535937,38
641;7,46;5,3;20;106;183,8464;974,38592;31,005;164,3265;10;4;0;915,456;196,608;0;196,608;2000;21132026,18
642;7,46;5,3;20;106;183,8464;974,38592;51,675;273,8775;2;6;0;1373,184;294,912;0;294,912;1250;9321420,957
643;7,46;5,3;20;106;183,8464;974,38592;51,675;273,8775;6;6;0;1373,184;294,912;0;294,912;1800;20535937,38
644;7,46;5,3;20;106;183,8464;974,38592;51,675;273,8775;10;4;0;915,456;196,608;0;196,608;2000;21132026,18
645;7,46;5,3;20;106;183,8464;974,38592;72,345;383,4285;2;6;0;1373,184;294,912;0;294,912;1250;9321420,957
646;7,46;5,3;20;106;183,8464;974,38592;72,345;383,4285;6;6;0;1373,184;294,912;0;294,912;1800;20535937,38
647;7,46;5,3;20;106;183,8464;974,38592;72,345;383,4285;10;4;0;915,456;196,608;0;196,608;2000;21132026,18
648;7,46;6,31;5;31,55;40,384;254,82304;36,9135;232,924185;2;6;0;1373,184;294,912;0;294,912;1250;10273580,69
649;7,46;6,31;5;31,55;40,384;254,82304;36,9135;232,924185;6;6;0;1373,184;294,912;0;294,912;1800;22279431,12
650;7,46;6,31;5;31,55;40,384;254,82304;36,9135;232,924185;10;5;0;1144,32;245,76;0;245,76;2000;22741832,15
651;7,46;6,31;5;31,55;40,384;254,82304;61,5225;388,206975;2;6;0;1373,184;294,912;0;294,912;1250;10273580,69
652;7,46;6,31;5;31,55;40,384;254,82304;61,5225;388,206975;6;6;0;1373,184;294,912;0;294,912;1800;22279431,12
653;7,46;6,31;5;31,55;40,384;254,82304;61,5225;388,206975;10;5;0;1144,32;245,76;0;245,76;2000;22741832,15
654;7,46;6,31;5;31,55;40,384;254,82304;86,1315;543,489765;2;6;0;1373,184;294,912;0;294,912;1250;10273580,69
655;7,46;6,31;5;31,55;40,384;254,82304;86,1315;543,489765;6;6;0;1373,184;294,912;0;294,912;1800;22279431,12
656;7,46;6,31;5;31,55;40,384;254,82304;86,1315;543,489765;10;5;0;1144,32;245,76;0;245,76;2000;22741832,15
657;7,46;6,31;5;31,55;80,768;509,64608;36,9135;232,924185;2;6;0;1373,184;294,912;0;294,912;1250;10047466,8
658;7,46;6,31;5;31,55;80,768;509,64608;36,9135;232,924185;6;6;0;1373,184;294,912;0;294,912;1800;21830560,38
659;7,46;6,31;5;31,55;80,768;509,64608;36,9135;232,924185;10;4;0;915,456;196,608;0;196,608;2000;22316793,48
660;7,46;6,31;5;31,55;80,768;509,64608;61,5225;388,206975;2;6;0;1373,184;294,912;0;294,912;1250;10047466,8
661;7,46;6,31;5;31,55;80,768;509,64608;61,5225;388,206975;6;6;0;1373,184;294,912;0;294,912;1800;21830560,38
662;7,46;6,31;5;31,55;80,768;509,64608;61,5225;388,206975;10;4;0;915,456;196,608;0;196,608;2000;22316793,48
663;7,46;6,31;5;31,55;80,768;509,64608;86,1315;543,489765;2;6;0;1373,184;294,912;0;294,912;1250;10047466,8
664;7,46;6,31;5;31,55;80,768;509,64608;86,1315;543,489765;6;6;0;1373,184;294,912;0;294,912;1800;21830560,38
665;7,46;6,31;5;31,55;80,768;509,64608;86,1315;543,489765;10;4;0;915,456;196,608;0;196,608;1975;22316793,48
666;7,46;6,31;5;31,55;218,88128;1381,140877;36,9135;232,924185;2;6;0;1373,184;294,912;0;294,912;1250;9274157,305
667;7,46;6,31;5;31,55;218,88128;1381,140877;36,9135;232,924185;6;6;0;1373,184;294,912;0;294,912;1800;20295422,45
668;7,46;6,31;5;31,55;218,88128;1381,140877;36,9135;232,924185;10;4;0;915,456;196,608;0;196,608;2000;20928849,64
669;7,46;6,31;5;31,55;218,88128;1381,140877;61,5225;388,206975;2;6;0;1373,184;294,912;0;294,912;1250;9274157,305
670;7,46;6,31;5;31,55;218,88128;1381,140877;61,5225;388,206975;6;6;0;1373,184;294,912;0;294,912;1800;20295422,45
671;7,46;6,31;5;31,55;218,88128;1381,140877;61,5225;388,206975;10;4;0;915,456;196,608;0;196,608;2000;20928849,64
672;7,46;6,31;5;31,55;218,88128;1381,140877;86,1315;543,489765;2;6;0;1373,184;294,912;0;294,912;1250;9274157,305
673;7,46;6,31;5;31,55;218,88128;1381,140877;86,1315;543,489765;6;6;0;1373,184;294,912;0;294,912;1800;20295422,45
674;7,46;6,31;5;31,55;218,88128;1381,140877;86,1315;543,489765;10;4;0;915,456;196,608;0;196,608;2000;20928849,64
675;7,46;6,31;10;63,1;40,384;254,82304;36,9135;232,924185;2;6;0;1373,184;294,912;0;294,912;1250;10210480,69
676;7,46;6,31;10;63,1;40,384;254,82304;36,9135;232,924185;6;6;0;1373,184;294,912;0;294,912;1800;22216331,12
677;7,46;6,31;10;63,1;40,384;254,82304;36,9135;232,924185;10;5;0;1144,32;245,76;0;245,76;2000;22678732,15
678;7,46;6,31;10;63,1;40,384;254,82304;61,5225;388,206975;2;6;0;1373,184;294,912;0;294,912;1250;10210480,69
679;7,46;6,31;10;63,1;40,384;254,82304;61,5225;388,206975;6;6;0;1373,184;294,912;0;294,912;1800;22216331,12
680;7,46;6,31;10;63,1;40,384;254,82304;61,5225;388,206975;10;5;0;1144,32;245,76;0;245,76;2000;22678732,15
681;7,46;6,31;10;63,1;40,384;254,82304;86,1315;543,489765;2;6;0;1373,184;294,912;0;294,912;1250;10210480,69
682;7,46;6,31;10;63,1;40,384;254,82304;86,1315;543,489765;6;6;0;1373,184;294,912;0;294,912;1800;22216331,12
683;7,46;6,31;10;63,1;40,384;254,82304;86,1315;543,489765;10;5;0;1144,32;245,76;0;245,76;2000;22678732,15
684;7,46;6,31;10;63,1;80,768;509,64608;36,9135;232,924185;2;6;0;1373,184;294,912;0;294,912;1250;9984366,803
685;7,46;6,31;10;63,1;80,768;509,64608;36,9135;232,924185;6;6;0;1373,184;294,912;0;294,912;1800;21767460,38
686;7,46;6,31;10;63,1;80,768;509,64608;36,9135;232,924185;10;4;0;915,456;196,608;0;196,608;2000;22253693,48
687;7,46;6,31;10;63,1;80,768;509,64608;61,5225;388,206975;2;6;0;1373,184;294,912;0;294,912;1250;9984366,803
688;7,46;6,31;10;63,1;80,768;509,64608;61,5225;388,206975;6;6;0;1373,184;294,912;0;294,912;1800;21767460,38
689;7,46;6,31;10;63,1;80,768;509,64608;61,5225;388,206975;10;4;0;915,456;196,608;0;196,608;2000;22253693,48
690;7,46;6,31;10;63,1;80,768;509,64608;86,1315;543,489765;2;6;0;1373,184;294,912;0;294,912;1250;9984366,803
691;7,46;6,31;10;63,1;80,768;509,64608;86,1315;543,489765;6;6;0;1373,184;294,912;0;294,912;1800;21767460,38
692;7,46;6,31;10;63,1;80,768;509,64608;86,1315;543,489765;10;4;0;915,456;196,608;0;196,608;1975;22253693,48
693;7,46;6,31;10;63,1;218,88128;1381,140877;36,9135;232,924185;2;6;0;1373,184;294,912;0;294,912;1250;9211057,305
694;7,46;6,31;10;63,1;218,88128;1381,140877;36,9135;232,924185;6;6;0;1373,184;294,912;0;294,912;1800;20232322,45
695;7,46;6,31;10;63,1;218,88128;1381,140877;36,9135;232,924185;10;4;0;915,456;196,608;0;196,608;2000;20865749,64
696;7,46;6,31;10;63,1;218,88128;1381,140877;61,5225;388,206975;2;6;0;1373,184;294,912;0;294,912;1250;9211057,305
697;7,46;6,31;10;63,1;218,88128;1381,140877;61,5225;388,206975;6;6;0;1373,184;294,912;0;294,912;1800;20232322,45
698;7,46;6,31;10;63,1;218,88128;1381,140877;61,5225;388,206975;10;4;0;915,456;196,608;0;196,608;2000;20865749,64
699;7,46;6,31;10;63,1;218,88128;1381,140877;86,1315;543,489765;2;6;0;1373,184;294,912;0;294,912;1250;9211057,305
700;7,46;6,31;10;63,1;218,88128;1381,140877;86,1315;543,489765;6;6;0;1373,184;294,912;0;294,912;1800;20232322,45
701;7,46;6,31;10;63,1;218,88128;1381,140877;86,1315;543,489765;10;4;0;915,456;196,608;0;196,608;2000;20865749,64
702;7,46;6,31;20;126,2;40,384;254,82304;36,9135;232,924185;2;6;0;1373,184;294,912;0;294,912;1250;10084280,69
703;7,46;6,31;20;126,2;40,384;254,82304;36,9135;232,924185;6;6;0;1373,184;294,912;0;294,912;1800;22090131,12
704;7,46;6,31;20;126,2;40,384;254,82304;36,9135;232,924185;10;5;0;1144,32;245,76;0;245,76;2000;22552532,15
705;7,46;6,31;20;126,2;40,384;254,82304;61,5225;388,206975;2;6;0;1373,184;294,912;0;294,912;1250;10084280,69
706;7,46;6,31;20;126,2;40,384;254,82304;61,5225;388,206975;6;6;0;1373,184;294,912;0;294,912;1800;22090131,12
707;7,46;6,31;20;126,2;40,384;254,82304;61,5225;388,206975;10;5;0;1144,32;245,76;0;245,76;2000;22552532,15
708;7,46;6,31;20;126,2;40,384;254,82304;86,1315;543,489765;2;6;0;1373,184;294,912;0;294,912;1250;10084280,69
709;7,46;6,31;20;126,2;40,384;254,82304;86,1315;543,489765;6;6;0;1373,184;294,912;0;294,912;1800;22090131,12
710;7,46;6,31;20;126,2;40,384;254,82304;86,1315;543,489765;10;5;0;1144,32;245,76;0;245,76;2000;22552532,15
711;7,46;6,31;20;126,2;80,768;509,64608;36,9135;232,924185;2;6;0;1373,184;294,912;0;294,912;1250;9858166,803
712;7,46;6,31;20;126,2;80,768;509,64608;36,9135;232,924185;6;6;0;1373,184;294,912;0;294,912;1800;21641260,38
713;7,46;6,31;20;126,2;80,768;509,64608;36,9135;232,924185;10;4;0;915,456;196,608;0;196,608;2000;22127493,48
714;7,46;6,31;20;126,2;80,768;509,64608;61,5225;388,206975;2;6;0;1373,184;294,912;0;294,912;1250;9858166,803
715;7,46;6,31;20;126,2;80,768;509,64608;61,5225;388,206975;6;6;0;1373,184;294,912;0;294,912;1800;21641260,38
716;7,46;6,31;20;126,2;80,768;509,64608;61,5225;388,206975;10;4;0;915,456;196,608;0;196,608;2000;22127493,48
717;7,46;6,31;20;126,2;80,768;509,64608;86,1315;543,489765;2;6;0;1373,184;294,912;0;294,912;1250;9858166,803
718;7,46;6,31;20;126,2;80,768;509,64608;86,1315;543,489765;6;6;0;1373,184;294,912;0;294,912;1800;21641260,38
719;7,46;6,31;20;126,2;80,768;509,64608;86,1315;543,489765;10;4;0;915,456;196,608;0;196,608;1975;22127493,48
720;7,46;6,31;20;126,2;218,88128;1381,140877;36,9135;232,924185;2;6;0;1373,184;294,912;0;294,912;1250;9084857,305
721;7,46;6,31;20;126,2;218,88128;1381,140877;36,9135;232,924185;6;6;0;1373,184;294,912;0;294,912;1800;20106122,45
722;7,46;6,31;20;126,2;218,88128;1381,140877;36,9135;232,924185;10;4;0;915,456;196,608;0;196,608;2000;20739549,64
723;7,46;6,31;20;126,2;218,88128;1381,140877;61,5225;388,206975;2;6;0;1373,184;294,912;0;294,912;1250;9084857,305
724;7,46;6,31;20;126,2;218,88128;1381,140877;61,5225;388,206975;6;6;0;1373,184;294,912;0;294,912;1800;20106122,45
725;7,46;6,31;20;126,2;218,88128;1381,140877;61,5225;388,206975;10;4;0;915,456;196,608;0;196,608;2000;20739549,64
726;7,46;6,31;20;126,2;218,88128;1381,140877;86,1315;543,489765;2;6;0;1373,184;294,912;0;294,912;1250;9084857,305
727;7,46;6,31;20;126,2;218,88128;1381,140877;86,1315;543,489765;6;6;0;1373,184;294,912;0;294,912;1800;20106122,45
728;7,46;6,31;20;126,2;218,88128;1381,140877;86,1315;543,489765;10;4;0;915,456;196,608;0;196,608;2000;20739549,64
